name,source,gender,wikidata,type
Βουλιαγμένης,wikidata,,Q2714924,way
Βουκουρεστίου,wikidata,,Q500067,way
"Πλατεία Αβησσυνίας",wikidata,,Q1566832,way
"Πλατεία Ηρώων",wikidata,,Q2984834,way
Αβλιχου,,,,way
Αγλαβριδων,,,,way
Αιθαλιδων,,,,way
Ακροθωων,,,,way
Αλιτσης,,,,way
Αλτεως,,,,way
Αναβρυτης,,,,way
Αρχυτα,,,,way
Ατρινης,,,,way
Αχνιαδων,,,,way
Βαλλιανων,,,,way
Βετρινασ,,,,way
Δανια,,,,way
Δεβολη,,,,way
Δοσιθεου,,,,way
Δουμπα,,,,way
Εδισον,,,,way
Ευαγριου,,,,way
Ευπομπου,,,,way
Θειρσιου,,,,way
Ιεραπετρασ,,,,way
Ιπποθοντιδων,,,,way
Κλεισοφου,,,,way
Κλημεντος,,,,way
Κομανου,,,,way
Κορθιου,,,,way
Λιθακιας,,,,way
Μανωλιασας,,,,way
Μοισοδιακος,,,,way
Νεοφρονος,,,,way
Ντουρμ,,,,way
Ορφεψς,,,,way
Παντελη,,,,way
Παπαβερκιου,,,,way
Πασιωνος,,,,way
Περρικου,,,,way
Πιτυουντος,,,,way
Προκνης,,,,way
Ραδου,,,,way
Ροδαμανθυος,,,,way
Ρως,,,,way
Σελασιας,,,,way
Σελευκου,,,,way
Σκρα,,,,way
Σποργιλου,,,,way
Στιγνης,,,,way
Τελεστου,,,,way
Τζωρτζ,,,,way
Τιμανθους,,,,way
Τιμαρχου,,,,way
Τισικρατους,,,,way
Τριβολη,,,,way
Φαινου,,,,way
Φιλοδαμειας,,,,way
Φιλυρα,,,,way
Φλαμαριων,,,,way
Φλωρη,,,,way
Χερσιφρονος,,,,way
Χιλλ,,,,way
Χρυσανθακοπουλου,,,,way
Ψαωνος,,,,way
Ωμολ,,,,way
Ωτου,,,,way
"Αφων Χαλη",,,,way
"Καριου Α",,,,way
"Κελλη Χ",,,,way
"Μαρως Σταμου",,,,way
"Χορτον Τζορτζ",,,,way
"Ανασταση Φ.",,,,way
"Γουλιαμου Δημ.",,,,way
"Δοντα Σ.",,,,way
"Κουρτιου Ε.",,,,way
"Μουσκου Χ.",,,,way
"Μπενση Β.",,,,way
"Ρεντη Θ.",,,,way
"Σιαλου Μ.",,,,way
"Σουκα Γ.",,,,way
"Φαβη Β.",,,,way
"Φιλιου Αθ.",,,,way
"Φριζη Μ.",,,,way
"Ζαν Μωρεάς",,,,way
"Λε Ρουά",,,,way
"Παλαιας Αγοράς",,,,way
"Μακ Μίλαν",,,,way
"Πλατεια Αγίου Παντελεήμονα Αχαρνών",,,,way
"Δ. Φιλιου",,,,way
"Κ. Νερη",,,,way
"Πλ. Καναρη (Πλ. Κυψελης)",,,,way
"Αγ. Χαραλάμπους",,,,way
"Γ. Χατζηδάκη",,,,way
"Ι. Αθανασιάδου",,,,way
"Μ. Γεωργαλλά",,,,way
"Π. Κυριάκου",,,,way
"Π. Τσαλδάρη",,,,way
"Πλ. Κανάρη",,,,way
"Στ. Λάιου",,,,way
"Π. Μακρή",,,,way
"Στ. Γεροδήμου",,,,way
"Αν. Γενναδίου",,,,way
"Ανδ. Κρίκου",,,,way
"Αρ. Κουρτίδου",,,,way
"Πλ. Αγίου Νικολάου",,,,way
"Πλ. Αγίου Δημητρίου",,,,way
"Κ. Τριανταφυλλόπουλου",,,,way
"Μ. Κόρακα",,,,way
"Β. Παπαρηγοπούλου",,,,way
"Ι. Σούτσου",,,,way
"Μ. Ψελλού",,,,way
"Πλ. Αιγύπτου",,,,way
"Σ. Τριανταφύλλου",,,,way
"Συντ. Γεωργούλα Ν.",,,,way
"Αγ. Ισιδώρου",,,,way
Αρ.Βραΐλα,,,,way
Γ.Γενναδίου,,,,way
"3ης Σεπτεμβρίου",,,,way
"Galleria Κοραή",,,,way
"Τιμoλέοντος Φιλήμονος",,,,way
Άγιδος,,,,way
Άγρας,,,,way
Άκρωνος,,,,way
Άλκης,,,,way
Άλυος,,,,way
Άμπλιανης,,,,way
Άνδηρο,,,,way
Άνδρου,,,,way
Άντερσεν,,,,way
Άργους,,,,way
Άρεως,,,,way
Άρνης,,,,way
Άρτης,,,,relation
Άσκρας,,,,way
Άσσου,,,,way
Άστιγγος,,,,way
Άστρους,,,,way
Άτλαντος,,,,way
"Άγγελου Γκίνη",,,,way
"Άλδου Μανουτίου",,,,way
"Άδωνι Κύρου",,,,way
Έβανς,,,,way
Έβερετ,,,,way
Έβρου,,,,way
Έγγελη,,,,way
Έκτορος,,,,way
Έλληνος,,,,way
Έλλης,,,,way
Έρσης,,,,way
Έσσελιγκ,,,,way
"Έλενας Βενιζέλου",,,,way
"Έλλης Λαμπέτη",,,,way
Ήβης,,,,way
Ήλιδος,,,,way
Ήρας,,,,way
Ήρωνος,,,,way
Ίδα,,,,way
Ίμβρου,,,,way
Ίου,,,,way
Ίστριας,,,,way
Ίστρου,,,,way
Όθρυος,,,,way
Όθωνος,,,,way
Όσσης,,,,way
Όχης,,,,way
Ύδρας,,,,way
Ώρκαρτ,,,,way
Ώρου,,,,way
Αθηναΐδος,,,,way
Αχαΐας,,,,relation
Βεΐκου,,,,way
Βραΐλα,,,,way
Ζαΐμη,,,,way
Ζαΐρη,,,,way
Θωμαΐδου,,,,way
Καΐρη,,,,way
Νικολαΐδου,,,,way
Πραΐδου,,,,way
Πτολεμαΐδος,,,,way
Ταναΐδος,,,,way
"Μωραΐτη Α.",,,,way
"Ραΐσης Κ.",,,,way
"Λουΐζης Κάλκου",,,,way
"Ροΐδη Εμμανουήλ",,,,way
"Λουΐζης Ριανκούρ",,,,relation
"Ησαΐα Σαλώνων",,,,way
Αβάντων,,,,way
Αγάθωνος,,,,way
Αγαθάρχου,,,,way
Αγγελικάρα,,,,way
Αγελάου,,,,way
Αγησάνδρου,,,,way
Αγησιλάου,,,,way
Αγνάντων,,,,way
Αγράφων,,,,way
Αγχιάλου,,,,way
Αδάνων,,,,way
Αετοράχης,,,,way
Αθαμάντος,,,,way
Αθανάτων,,,,way
Αθανασάκη,,,,way
Αθηνάς,,,,way
Αιγάλεω,,,,way
Αινιάνος,,,,way
Ακάδημου,,,,way
Ακάκιου,,,,way
Ακάμαντος,,,,way
Ακάστου,,,,way
Ακαρνάνος,,,,way
Ακομινάτου,,,,way
Ακράγαντος,,,,way
Αλάστορος,,,,way
Αλαμάνας,,,,way
Αλεξάνδρας,,,,way
Αλιάκμονος,,,,way
Αλιάρτου,,,,way
Αλιστράτης,,,,way
Αλκιβιάδου,,,,way
Αλκιδάμαντος,,,,way
Αλκιμάχου,,,,relation
Αλκμάνος,,,,way
Αμάλθειας,,,,way
Αμάσειας,,,,way
Αμαλιάδος,,,,way
Αμυνάνδρου,,,,way
Αμφιαράου,,,,way
Αμφικράτους,,,,way
Ανάφης,,,,way
Αναγνωσταρά,,,,way
Αναξάνδρου,,,,way
Αναξάρχου,,,,way
Αναστάσεως,,,,way
Ανδρεάδου,,,,way
Ανδρομάχης,,,,way
Αντιμάχου,,,,way
Αντιπάρου,,,,way
Αντιφάνους,,,,way
Αντωνιάδου,,,,way
Αράτου,,,,way
Αρβάλη,,,,way
Αργυροκάστρου,,,,way
Αριάδνης,,,,way
Αριοβαρζάνου,,,,way
Αριστάρχου,,,,way
Αριστοφάνους,,,,way
Αρκάδων,,,,way
Αρκεσιλάου,,,,way
Αρσάκη,,,,way
Αρχελάου,,,,relation+way
Αστυάνακτος,,,,way
Αστυδάμαντος,,,,relation
Αταλάντης,,,,way
Αττάλειας,,,,way
Αττάλου,,,,way
Βάκχου,,,,way
Βάλτου,,,,way
Βαλαβάνη,,,,way
Βαρατάση,,,,way
Βαρδουλάκη,,,,way
Βασιλειάδου,,,,way
Βασσάνη,,,,way
Βατάτζη,,,,way
Βελισσάριου,,,,way
Βερναρδάκη,,,,way
Βηλαρά,,,,way
Βλάση,,,,way
Βλαχάβα,,,,way
Βλαχάκη,,,,way
Βλαχογιάννη,,,,way
Βλαχοθανάση,,,,way
Βολανάκη,,,,way
Βουρδουμπά,,,,way
Βουρνάζου,,,,way
Βουτάδων,,,,way
Βουτσαρά,,,,way
Βουτσινά,,,,way
Βουτυρά,,,,way
Βρανά,,,,way
Βρατσάνου,,,,way
Βρυάξιδος,,,,way
Βρυζάκη,,,,way
Γάγγρας,,,,way
Γαλατά,,,,way
Γαλβάνη,,,,way
Γαριβάλδι,,,,way
Γεράκη,,,,way
Γεροστάθη,,,,way
Γεωργιάδου,,,,way
Γιάνναρη,,,,way
Γιατράκου,,,,way
Γιοβάνοβιτς,,,,way
Γιολδάση,,,,way
Γλάδστωνος,,,,way
Γλαράκη,,,,way
Γουναράκη,,,,way
Γράμμου,,,,way
Γραβιάς,,,,way
Γρηγορά,,,,way
Γρυπάρη,,,,way
Δάβαρη,,,,way
Δάμωνος,,,,way
Δάφνιδος,,,,way
Δαβάκη,,,,way
Δαιδάλου,,,,way
Δαιμονογιάννη,,,,way
Δαμάρεως,,,,way
Δαμιράλη,,,,way
Δανάης,,,,way
Δασκαλάκη,,,,way
Δασκαλογιάννη,,,,way
Δαφνοπάτη,,,,way
Δεβιάζη,,,,way
Δεινοκράτους,,,,way
Δεινοστράτου,,,,way
Δεινοχάρους,,,,way
Δεληγιάννη,,,,way
Δεληγιαννάκη,,,,way
Δερεχάνη,,,,way
Δηλιάδος,,,,way
Δημάκη,,,,way
Δημητριάδος,,,,way
Δημητσάνας,,,,relation+way
Δημοχάρους,,,,way
Δικαιάρχου,,,,way
Διοφάντου,,,,way
Διοχάρους,,,,way
Διπλάρη,,,,way
Δοντά,,,,way
Δοξάτου,,,,way
Δοξαρά,,,,way
Δουσμάνη,,,,way
Δράκοντος,,,,way
Δράκου,,,,way
Δράμας,,,,way
Δρυάδων,,,,way
Εκάλης,,,,way
Εκάτης,,,,way
Ελάτειας,,,,way
Επιδάμνου,,,,way
Επιχάρμου,,,,way
Επταχάλκου,,,,way
Εράσμου,,,,way
Εράτυρας,,,,way
Ερασιστράτου,,,,way
Ερμωνάσσης,,,,way
Ευάδνης,,,,way
Ευθυκράτους,,,,way
Ευρυδάμαντος,,,,way
Ευφράνορος,,,,way
Ζάκου,,,,way
Ζάππα,,,,way
Ζάρκου,,,,way
Ζαγοράς,,,,way
Ζακυάδων,,,,way
Ζαχάρωφ,,,,way
Ζαχιά,,,,way
Ζερβουδάκη,,,,way
Ζορμπά,,,,way
Ζυγομαλά,,,,way
Ζυμπρακάκη,,,,way
Ζωγράφου,,,,way
Ζωναρά,,,,way
Ζωσιμάδων,,,,way
Ηγησάνδρου,,,,way
Ηράκλειτου,,,,way
Θάσου,,,,way
Θεάτρου,,,,way
Θεοφάνους,,,,way
Θεοφιλά,,,,way
Θεοφράστου,,,,way
Θράκης,,,,way
Θράσωνος,,,,way
Θυμοχάρους,,,,way
Ιάκχου,,,,way
Ιάσονος,,,,way
Ιακωβάτων,,,,way
Ιθάκης,,,,way
Ικάρου,,,,way
Ιλιάδος,,,,way
Ιοκάστης,,,,way
Ιολάου,,,,way
Ιππάρχου,,,,way
Ιπποδάμου,,,,way
Ισοκράτους,,,,way
Ιφικράτους,,,,way
Κάδμου,,,,way
Κάλβου,,,,way
Κάνιγγος,,,,way
Κάρπου,,,,way
Κάσου,,,,way
Καβάσιλα,,,,way
Καβάφη,,,,way
Καβελάρη,,,,way
Καζάζη,,,,way
Καζάνη,,,,way
Κακαβάκη,,,,way
Κακλαμάνου,,,,way
Καλαμά,,,,way
Καλλιγά,,,,way
Καλλιμάχου,,,,way
Καλλιφρονά,,,,way
Καλογερά,,,,way
Καμπάνη,,,,way
Κανάρη,,,,way
Κανδάνου,,,,way
Καπιδάκη,,,,way
Καραμάνου,,,,way
Καραμανλάκη,,,,way
Καρατζά,,,,way
Καρνεάδου,,,,way
Καρπάθου,,,,way
Καρτάλη,,,,way
Καρυάτιδων,,,,way
Καρυωτάκη,,,,way
Κασσάνδρας,,,,way
Καστοριάς,,,,way
Καστρισιανάκη,,,,way
Κατεχάκη,,,,way
Κατράμη,,,,way
Κατριβάνου,,,,way
Κατσικογιάννη,,,,way
Καυκάσου,,,,way
Καφαντάρη,,,,way
Καψάλη,,,,way
Κειριάδων,,,,way
Κιάφας,,,,way
Κισσάμου,,,,way
Κλάδου,,,,way
Κλαδά,,,,way
Κλαπάδου,,,,way
Κλεάνθους,,,,way
Κλειτομάχου,,,,way
Κοδράτου,,,,way
Κοζάκη,,,,way
Κοζάνης,,,,way
Κοκκινάκη,,,,way
Κολοκάση,,,,way
Κομάνων,,,,way
Κονδάκη,,,,way
Κονδυλάκη,,,,way
Κοντογιαννάκη,,,,way
Κορνάρου,,,,way
Κορυτσάς,,,,way
Κουμά,,,,way
Κουμπάρη,,,,way
Κουτσαφτά,,,,way
Κουτσικάρη,,,,way
Κριάρη,,,,way
Κριτολάου,,,,way
Κροκιδά,,,,way
Κρυστάλλη,,,,way
Κτενά,,,,way
Κυκλάδων,,,,way
Κυριάκου,,,,way
Κωνσταντά,,,,way
Λάμπρου,,,,way
Λάμπωνος,,,,way
Λάμψακου,,,,way
Λάντσα,,,,way
Λάρνακος,,,,way
Λάρνεως,,,,way
Λάσκαρη,,,,way
Λάσκου,,,,way
Λάτρη,,,,way
Λάχητος,,,,way
Λαγκαδά,,,,way
Λαζαράδων,,,,way
Λακράτους,,,,way
Λαμάχου,,,,way
Λαμπάκη,,,,way
Λαοδάμαντος,,,,way
Λασκάρεως,,,,way
Λασκαράτου,,,,way
Λασσάνη,,,,way
Λαυράγκα,,,,way
Λαχανά,,,,way
Λεάγρου,,,,way
Λειβαδά,,,,way
Λευκάδος,,,,way
Λεωχάρους,,,,way
Λιάκου,,,,way
Λιμπονά,,,,way
Λυσάνδρου,,,,way
Λυσικράτους,,,,way
Λυσιμάχιας,,,,way
Λυσιμάχου,,,,way
Μάγερ,,,,way
Μάκρης,,,,way
Μάνεση,,,,way
Μάνης,,,,way
Μάντζαρου,,,,way
Μάουερ,,,,way
Μάρνη,,,,way
Μάρραιη,,,,way
Μάτση,,,,way
Μαιάνδρου,,,,way
Μακρυγιάννη,,,,way
Μαλάξου,,,,way
Μαλακάση,,,,way
Μαμάη,,,,way
Μανιτάκη,,,,way
Μανουσογιάννη,,,,way
Μαντζάκου,,,,way
Μαντζεβελάκη,,,,way
Μαραθωνομάχων,,,,way
Μαριδάκη,,,,way
Μαρκορά,,,,way
Μαρμαρά,,,,way
Μαρσυάς,,,,way
Μαρτελάου,,,,way
Μαστραχά,,,,way
Ματζουράκη,,,,way
Μαυροκορδάτου,,,,way
Μαυρομάτη,,,,way
Μαυρομιχάλη,,,,way
Μεθάνων,,,,way
Μελάμποδος,,,,way
Μελάνθιου,,,,way
Μελεάγρου,,,,way
Μενάγια,,,,way
Μενάνδρου,,,,way
Μενεκράτους,,,,way
Μενελάου,,,,way
Μενεμάχου,,,,way
Μεσαριάς,,,,way
Μηλιαράκη,,,,way
Μηνιάτη,,,,way
Μητρομάρα,,,,way
Μητσάκη,,,,way
Μιθριδάτου,,,,way
Μικρομάνης,,,,way
Μιλτιάδου,,,,way
Μινιάκ,,,,way
Μιστράλ,,,,way
Μιχελιδάκη,,,,way
Μοράβας,,,,way
Μπακνανά,,,,way
Μπαρμπάνου,,,,way
Μπαρμπάτση,,,,way
Μπαταριά,,,,way
Μπινιάρη,,,,way
Μπουκουβάλα,,,,way
Μυκάλης,,,,way
Μυλοποτάμου,,,,way
Μυστρά,,,,way
Νάκου,,,,way
Νάξου,,,,way
Νάρκισσου,,,,way
Νάρση,,,,way
Ναζιάνζου,,,,way
Νεάρχου,,,,way
Νηφάκου,,,,way
Νικάνδρου,,,,way
Νικάνορος,,,,way
Νικηταρά,,,,way
Νικολάκου,,,,way
Νικομάχου,,,,way
Νικοτσάρα,,,,way
Νιρβάνα,,,,way
Νορντάου,,,,way
Νοταρά,,,,way
Ντεκάρτ,,,,way
Ντελακρουά,,,,way
Ξάνθης,,,,way
Ξάνθου,,,,way
Ξενάρχου,,,,way
Ξενοκράτους,,,,way
Ξενοφάνους,,,,way
Ξυνιάδος,,,,way
Ολυμπιάδος,,,,way
Ονάτα,,,,way
Ορεστιάδος,,,,way
Ορλάνδου,,,,way
Πάλλαντος,,,,way
Πάνα,,,,way
Πάνου,,,,way
Πάντου,,,,way
Πάππου,,,,way
Πάργας,,,,way
Πάρνηθος,,,,way
Πάρου,,,,way
Πάτμου,,,,way
Πάφου,,,,way
Παδοβά,,,,way
Παιάνων,,,,way
Παλάσκα,,,,way
Παλλάδος,,,,way
Πανάγου,,,,way
Παναγιωταρά,,,,way
Πανουριά,,,,way
Παπαδά,,,,way
Παπαδιαμάντη,,,,way
Παπαμακάριου,,,,way
Παπαστράτου,,,,way
Παράλου,,,,way
Παράσχου,,,,way
Παραμυθιάς,,,,way
Πασαγιάννη,,,,way
Πεισιστράτου,,,,way
Περάμου,,,,way
Περγάμου,,,,way
Περδικάρη,,,,way
Περεσιάδου,,,,way
Περιάνδρου,,,,way
Πετμεζά,,,,way
Πετράκη,,,,way
Πετροπουλάκη,,,,way
Πινδάρου,,,,way
Πιτάνης,,,,way
Πιττάκη,,,,way
Πλειάδος,,,,way
Πολεμοκράτους,,,,way
Πολυδάμαντος,,,,way
Πολυκράτους,,,,way
Πολυλά,,,,way
Ποντοηράκλειας,,,,way
Πορταριάς,,,,way
Πράβιου,,,,way
Πραμάντων,,,,way
Προμάχου,,,,way
Προμπονά,,,,way
Πρωτοπαπαδάκη,,,,way
Πυλάδου,,,,way
Πυλάρου,,,,way
Ράμφου,,,,way
Ραγκαβά,,,,way
Ραπτάρχου,,,,way
Ραψάνης,,,,way
Ριγκάλ,,,,way
Ριζάρη,,,,relation
Ρικάκη,,,,way
Ροζάκη,,,,way
Ροστάν,,,,way
Σάμης,,,,way
Σάμου,,,,way
Σάουμπερτ,,,,way
Σάρωνος,,,,way
Σαθά,,,,way
Σαμαρά,,,,way
Σαμοθράκης,,,,way
Σαράντη,,,,way
Σατωβριάνδου,,,,way
Σβάιτσερ,,,,way
Σεράφη,,,,way
Σιδηροκάστρου,,,,way
Σισμάνη,,,,way
Σιτάκης,,,,way
Σκαμάνδρου,,,,way
Σκαραμαγκά,,,,way
Σκιάθου,,,,way
Σκουφά,,,,way
Σουλτάνη,,,,way
Σουμελά,,,,way
Σπάρτης,,,,way
Σπαθάρη,,,,way
Σπηλιάδου,,,,way
Σπινθάρου,,,,way
Σποράδων,,,,way
Σπυριδογιάννη,,,,way
Στάγχωπ,,,,way
Στάικου,,,,way
Σταθά,,,,way
Σταθογιάννη,,,,way
Στενημάχου,,,,way
Στησιλάου,,,,way
Στουρνάρη,,,,way
Στράβωνος,,,,way
Στράτωνος,,,,way
Στριφτομπολά,,,,way
Στροφάδων,,,,way
Συρράκου,,,,way
Σφακιανάκη,,,,way
Σωστράτου,,,,way
Τάιχμαν,,,,way
Τάκη,,,,way
Ταβουλάρη,,,,way
Τανάγρας,,,,way
Ταντάλου,,,,way
Ταρελλά,,,,way
Τερπάνδρου,,,,way
Τζεβά,,,,way
Τζουμαγιάς,,,,way
Τηλεφάνους,,,,way
Τιτάνων,,,,way
Τομπάζη,,,,way
Τράλλεων,,,,way
Τρικάλων,,,,way
Τρουπάκη,,,,way
Τσάφου,,,,way
Τσαγκάρη,,,,way
Τσαγκαράδας,,,,relation+way
Τσακάλωφ,,,,way
Τσακασιάνου,,,,way
Τσακτάνη,,,,way
Τσιάφη,,,,way
Τσοπανάκου,,,,way
Τσοτάκου,,,,way
Τυρνάβου,,,,way
Υπάτρου,,,,way
Υψηλάντου,,,,way
Φαιάκων,,,,way
Φαιδριάδων,,,,way
Φαραντάτων,,,,way
Φαρμάκη,,,,way
Φειάς,,,,way
Φερεκράτους,,,,way
Φιλολάου,,,,way
Φιλοπάππου,,,,way
Φιλοστράτου,,,,way
Φράττι,,,,way
Φυτάλη,,,,way
Φωτάκου,,,,way
Φωτιάδου,,,,way
Φωτομάρα,,,,way
Χάλη,,,,way
Χάλκης,,,,way
Χάμιλτον,,,,way
Χάνσεν,,,,way
Χάουπτμαν,,,,way
Χάρακος,,,,way
Χάρητος,,,,way
Χαλεπά,,,,way
Χαλκοματάδων,,,,way
Χαράς,,,,way
Χαραλάμπη,,,,way
Χατζηδάκη,,,,way
Χατζημιχάλη,,,,way
Χειμάρρας,,,,way
Χρηστομάνου,,,,way
Χρυσάφη,,,,way
Χρυσολωρά,,,,way
Ψαμάθης,,,,way
Ψαρουδάκη,,,,way
Ψυττάλειας,,,,way
Ψυχάρη,,,,way
Ωριάς,,,,way
Ωρολογά,,,,way
"Αλεξάνδρου Α",,,,way
"Εδουάρδου Λω",,,,way
"Καπετάν Χρονα",,,,way
"Μπαλάσκα Κ",,,,way
"Νάζου Γ",,,,way
"Παταράκη Κ",,,,way
"Ράλλη Δ",,,,way
"Σάββα Κ",,,,way
"Σταθάτου Οθ",,,,way
"Στοά Φιξ",,,,way
"Ψαρρά Ξ",,,,way
"Στοά των Αθανάτων",,,,way
"Στοά του Βιβλίου",,,,way
"Βικάτου Σπ.",,,,way
"Βλάικου Σ.",,,,way
"Γεννηματά Νικ.",,,,relation
"Γιαταγάνα Η.",,,,way
"Δημαράκη Γ.",,,,way
"Διαμαντάκη Κ.",,,,way
"Δράκου Μ.",,,,way
"Κάκκαρη Σ.",,,,way
"Κεφαλά Ν.",,,,way
"Λάκωνος Βασ.",,,,way
"Λεκκάκη Κ.",,,,way
"Μάκκα Μ.",,,,way
"Μελλά Μιχ.",,,,way
"Μυλωνά Χ.",,,,way
"Νικολάου Ι.",,,,way
"Ουράνη Κ.",,,,way
"Πάγκα Ι.",,,,way
"Παπαγιάννη Αρ.",,,,way
"Παπανικολάου Γ.",,,,way
"Παππά Αρ.",,,,way
"Παρασκευά Α.",,,,way
"Πατάτσου Ι.",,,,way
"Πιλάτου Λ.",,,,way
"Πλυτά Φ.",,,,way
"Ποταμιάνου Ηλ.",,,,way
"Πρασσά Γ.",,,,way
"Ράγκου Ι.",,,,way
"Σακκά Κ.",,,,way
"Σαμαρά Ζ.",,,,way
"Σιφογιάννη Σ.",,,,way
"Σκαλτσά Δ.",,,,way
"Χατζηιωάννου Κ.",,,,way
"Στοά Γ. Κωνσταντακοπουλου",,,,way
"Στοά Β. Παπαχρυσάνθου",,,,way
"Στοά Γ. Μάντακα",,,,way
"Στοά Χ. Μπολάνη",,,,way
"Στοά Χρ. Βυζαντίου",,,,way
"Στοά Ν. Καραλόπουλου",,,,way
"Στοά Ν. Χαραγκιώνη",,,,way
"Νικολάου K.",,,,way
"Πάροδος ΄Α Κολοφώνος",,,,way
"Πάροδος ΄Β Κολοφώνος",,,,way
"Στοά Όπερας",,,,way
"Αθανάσιου Διάκου",,,,way
"Αυτοκράτορος Νικολάου",,,,way
"Ιωάννη Ξανθάκη",,,,way
"Ιωάννου Βαρβάκη",,,,way
"Ιωάννου Φωκά",,,,way
"Καπετάν Βάρδα",,,,way
"Καπετάν Λαχανά",,,,way
"Καπετάν Χρονά",,,,way
"Κοσμά Μπαλάνου",,,,way
"Λάμπρου Κορομηλά",,,,way
"Λάμψα Ευστράτιου",,,,way
"Μάνου Χατζιδάκι",,,,way
"Μάρκου Τσακτάνη",,,,way
"Μάχης Αναλάτου",,,,way
"Μάχης Ιβάν",,,,way
"Μεγάλου Αλεξάνδρου",,,,way
"Πάροδος Αμάλθειας",,,,way
"Στοά Καλλιγά",,,,way
"Στοά Πλάκας",,,,way
"Στοά Χατζηστεφάνου",,,,way
"Τσάμη Καρατάσου",,,,way
"Αυτοκράτορος Νικολάου Α΄",,,,way
"Καπετάν Ρέμπελου",,,,way
"Καραγιάννη Λέλας",,,,way
"Μεταξά Αγαμέμνονα",,,,way
"Οκτάβιου Μερλιέ",,,,way
"Πάντου Αλέξανδρου",,,,way
"Πάροδος Λένορμαν",,,,way
"Πάροδος Ξηρομέρου",,,,way
"Στοά Λέκκα",,,,way
"Στοά Μέγαρο",,,,way
"Στοά Πραξιτέλους",,,,way
"Στοά Φέξη",,,,way
"Στοά Φιλοθέης",,,,way
"Χατζηγιάννη Μέξη",,,,way
"Αλεξάνδρου Παυλή",,,,relation+way
"Αντωνιάδου Εμμανουήλ",,,,way
"Ασημάκη Φωτήλα",,,,way
"Βυζάντιου Χρήστου",,,,way
"Μάρκου Αυρήλιου",,,,way
"Ναυάρχου Νικοδήμου",,,,way
"Πάροδος Σωτήρος",,,,way
"Στάθη Γεροδήμου",,,,way
"Στοά Ανατολής",,,,way
"Στοά Μιχαήλ Κ. Λεμού",,,,way
"Ιωάννου Διαμαντή Πατέρα",,,,way
"Στοά Γενικής Γραμματείας Δήμου Αθηναίων",,,,way
"Πάρκο Ελλήνων Λογοτεχνών",,,,relation
"Αναστάσιου Γενναδίου",,,,way
"Αξαρλιάν Αθανασίου",,,,way
"Γερουλάνου Μαρίνου",,,,way
"Γεωργάκη Ολυμπίου",,,,way
"Γράμμου Βίτσι",,,,way
"Εθνάρχου Μακαρίου",,,,way
"Λομβάρδου Κωνσταντίνου",,,,way
"Λουκά Νίκα",,,,way
"Μεγάλου Βασιλείου",,,,way
"Μεγάλου Σπηλαίου",,,,way
"Μικράς Ασίας",,,,way
"Μιλτιάδη Ιατρίδου",,,,way
"Μπάκου Γεωργίου",,,,way
"Πατριάρχου Ιερεμίου",,,,way
"Πατριάρχου Ιωακείμ",,,,way
"Πατριάρχου Σεργίου",,,,way
"Πατριάρχου Φωτίου",,,,way
"Πηγά Μελετίου",,,,way
"Στεφάνου Βυζαντίου",,,,way
"Στοά Αρσακείου",,,,way
"Στοά Ειρηνοδικείου",,,,way
"Στοά Εστίας",,,,way
"Στοά Ευριπίδου",,,,way
"Στοά Ομονοίας",,,,way
"Στοά Τιτανία",,,,way
"Στοά Τοσίτσα",,,,way
"Σχινά Κωνσταντίνου",,,,way
"Τσαλδάρη Κωνσταντίνου",,,,way
"Πατριάρχου Γρηγορίου Ε'",,,,way
"Στοά Δημητρίου Σερμπίνη",,,,way
"Αλεξάνδρου Νόυτσου",,,,way
"Αναστάσιου Τσόχα",,,,way
"Θωμά Οικονόμου",,,,way
"Ιερά Οδός",,,,way
"Μάχης Πόγραδετς",,,,way
"Ναυάρχου Αποστόλη",,,,way
"Ναυάρχου Βότση",,,,way
"Νικολάου Δελλαπόρτα",,,,way
"Πάροδος Βοσπόρου",,,,way
"Πάροδος Πανόρμου",,,,way
"Στοά Βοιβόνδα",,,,way
"Στοά Εμπόρων",,,,way
"Στοά Μπρόντγουαιη",,,,way
"Στοά Πεσμαζόγλου",,,,way
"Αγησιλάου Γεωργούλια",,,,way
"Γεράσιμου Κούπα",,,,way
"Ιωάννου Δροσοπούλου",,,,way
"Ιωάννου Ζυγούρη",,,,way
"Ιωάννου Παπαρηγοπούλου",,,,way
"Καπετάν Πετρούτσου",,,,way
"Κοσμά Αιτωλού",,,,way
"Κοσμά Μελωδού",,,,way
"Μάρκου Ευγενικού",,,,way
"Μάρκου Μουσούρη",,,,way
"Μάρκου Μουσούρου",,,,way
"Μακεδονομάχου Πραντούνα",,,,way
"Ναυάρχου Βούλγαρη",,,,way
"Ναυάρχου Λυκούδη",,,,way
"Πάροδος Κρατύλου",,,,way
"Πάροδος Συγγρού",,,,way
"Στοά Λυκούργου",,,,way
"Στοά Παππού",,,,way
"Στοά Πετροπούλου",,,,way
"Στοά Πύρρου",,,,way
"Χαριλάου Τρικούπη",,,,way
"Στοά Μαρκοπούλου Αγίου Μάρκου",,,,way
"Αλεξάνδρου Σβώλου",,,,way
"Λάμπρου Κατσώνη",,,,way
"Λαζάρου Σώχου",,,,way
"Στοά Κολοκοτρώνη",,,,way
Τράϊμπερ,,,,way
Αβέρωφ,,,,way
Αγαθημέρου,,,,way
Αγαθοκλέους,,,,way
Αγαμέμνονος,,,,way
Αιγέως,,,,way
Αιθέρος,,,,way
Αιξωνέων,,,,way
Αιολέων,,,,way
Αλέκτωρος,,,,way
Αλιμπέρτη,,,,way
Αλκέτου,,,,way
Αλκαμένους,,,,way
Αμεινοκλέους,,,,way
Αμπατιέλλου,,,,way
Ανακρέοντος,,,,way
Αναξιμένους,,,,way
Ανδροκλέους,,,,way
Ανδροσθένους,,,,way
Ανθέων,,,,way
Αντισθένους,,,,way
Ανυμέδοντος,,,,way
Αργέντη,,,,way
Αριστομένους,,,,way
Αριστοξένου,,,,way
Αρκολέων,,,,way
Αρτέμιδος,,,,way
Αρτέμωνος,,,,way
Αρχέρμου,,,,way
Ασέας,,,,way
Ασπρογέρακα,,,,way
Ατρέως,,,,way
Αυτομέδοντος,,,,way
Αχιλλέως,,,,way
Βέλλερ,,,,way
Βέργας,,,,way
Βαθέως,,,,way
Βαθυκλέους,,,,way
Βερανζέρου,,,,way
Βιέννα,,,,way
Βικέλα,,,,way
Βονασέρα,,,,way
Βορέου,,,,way
Βουτιέ,,,,way
Γέλωνος,,,,way
Γαμβέτα,,,,way
Γαρέφη,,,,way
Γεφυρέων,,,,way
Γουέμστερ,,,,way
Γουζέλη,,,,way
Δέγλερη,,,,way
Δέφνερ,,,,way
Δαμέου,,,,way
Δαμβέργη,,,,way
Δαμοκλέους,,,,way
Δεκελέων,,,,way
Δημητρέσσα,,,,way
Δημοσθένους,,,,way
Διογένους,,,,way
Διοκλέους,,,,way
Δυαλέων,,,,way
Δωριέων,,,,way
Εδέσσης,,,,way
Εμπεδοκλέους,,,,way
Επακρέων,,,,way
Επιγένους,,,,way
Επικλέους,,,,way
Επιμηθέως,,,,way
Ερέτριας,,,,way
Ερατοσθένους,,,,relation+way
Ερεχθέως,,,,way
Ετεοκλέους,,,,way
Ευκλέους,,,,way
Ευμένους,,,,way
Ευρυμέδοντος,,,,way
Ευρυσθέως,,,,way
Εφέσου,,,,way
Ζαγρέως,,,,way
Ηλέκτρας,,,,way
Ηρακλέους,,,,way
Θέμελη,,,,way
Θέμιδος,,,,way
Θέσπιδος,,,,way
Θέτιδος,,,,way
Θέωνος,,,,way
Θεαγένους,,,,way
Θεμιστοκλέους,,,,way
Θεσπιέων,,,,way
Θεσπρωτέως,,,,way
Θηραμένους,,,,way
Θησέως,,,,way
Ιέρωνος,,,,way
Ιαλέμου,,,,way
Ιγγλέση,,,,way
Ιδομενέως,,,,way
Ιεροθέου,,,,way
Ικέττα,,,,way
Ικαριέων,,,,way
Ιππομέδοντος,,,,way
Ιτέας,,,,way
Κέας,,,,way
Κέβητος,,,,way
Κέκροπος,,,,way
Κέλσου,,,,way
Καλλέργη,,,,way
Καλλικλέους,,,,way
Καλλισθένους,,,,way
Καλλισπέρη,,,,way
Καπανέως,,,,way
Καπνικαρέας,,,,way
Καρέα,,,,way
Κασνέση,,,,way
Κασσαβέτη,,,,way
Κεραμέων,,,,way
Κλεισθένους,,,,way
Κλεομένους,,,,way
Κοκκερέλ,,,,way
Κονεμένου,,,,way
Κοργιαλένιου,,,,way
Κορυδαλλέως,,,,way
Κρέμου,,,,way
Κρέοντος,,,,way
Κρέσνας,,,,way
Κρουαζέ,,,,way
Κυβέλης,,,,way
Κυνέτου,,,,way
Κυψέλης,,,,way
Κωλέττη,,,,way
Λέανδρου,,,,way
Λέκκα,,,,way
Λένορμαν,,,,way
Λέρου,,,,way
Λέσβου,,,,way
Λαέρτου,,,,way
Λαμπελέτ,,,,way
Λεβέντη,,,,way
Λεμπέση,,,,way
Λευκοθέας,,,,way
Λεφέβρ,,,,way
Λεωσθένους,,,,way
Λογοθέτη,,,,way
Λυγκέως,,,,way
Μέντορος,,,,way
Μένωνος,,,,way
Μέρλιν,,,,way
Μέρμηγκα,,,,way
Μέτωνος,,,,way
Μαινεμένης,,,,way
Μαλέα,,,,way
Μανδροκλέους,,,,way
Μαρτινέγκου,,,,way
Μαυρογένους,,,,way
Μεγακλέους,,,,way
Μεγασθένους,,,,way
Μενεσθέως,,,,way
Μεταγένους,,,,way
Μητροπέτροβα,,,,way
Μιμνέρμου,,,,way
Μιρτσιέφσκυ,,,,way
Μπέκα,,,,way
Μπέλε,,,,way
Μπέλες,,,,way
Μυλλέρου,,,,way
Νέδας,,,,way
Νέστορος,,,,way
Νέστου,,,,way
Νεμέσεως,,,,way
Νεοκλέους,,,,way
Νεφέλης,,,,way
Νηλέως,,,,way
Νηρέως,,,,way
Νικοσθένους,,,,way
Ξένου,,,,way
Ξενοκλέους,,,,way
Ξηρομέρου,,,,way
Οβρένοβιτς,,,,way
Οδυσσέως,,,,way
Ορέστου,,,,way
Ορέων,,,,way
Ορφέως,,,,way
Οτρυνέων,,,,way
Πέλλης,,,,way
Πέραν,,,,way
Πέρση,,,,way
Πέτρας,,,,way
Παγανέλη,,,,way
Παιανιέων,,,,way
Παπαρσένη,,,,way
Πασιτέλους,,,,way
Παστέρ,,,,way
Παχυμέρη,,,,way
Πεντέλης,,,,way
Περικλέους,,,,way
Περσέως,,,,way
Πηλέως,,,,way
Πιτθέως,,,,way
Πολέμη,,,,way
Πολέμωνος,,,,way
Πολυγένη,,,,way
Πολυκλέους,,,,way
Πρέσπας,,,,way
Πραξιτέλους,,,,way
Πρεβέζης,,,,way
Πρετεντέρη,,,,way
Προβελέγγιου,,,,way
Προμηθέως,,,,way
Πρωτέως,,,,way
Πρωτογένους,,,,way
Πτελέας,,,,way
Πυθέου,,,,way
Πυργοτέλους,,,,way
Ρέας,,,,way
Ραβινέ,,,,way
Ρατζιέρη,,,,way
Ρενιέρη,,,,way
Ρομπέρ,,,,way
Ρουμπέση,,,,way
Σέκερη,,,,way
Σαλτέλη,,,,way
Σαρδέων,,,,way
Σεβαλιέ,,,,way
Σεμέλης,,,,way
Σεμιτέλου,,,,way
Σιγανέου,,,,way
Σκοπέλου,,,,way
Σκοπετέα,,,,way
Σκουζέ,,,,way
Σμολένσκυ,,,,way
Σουλιέ,,,,way
Σοφοκλέους,,,,way
Στέντορος,,,,way
Στειριέων,,,,way
Στησικλέους,,,,way
Στρέιτ,,,,way
Σωνιέρου,,,,way
Σωσιγένους,,,,way
Σωσικλέους,,,,way
Τέλλου,,,,way
Ταγιαπιέρα,,,,way
Τεγέας,,,,way
Τενέδου,,,,way
Τερτσέτη,,,,way
Τζαβέλλα,,,,way
Τζαφέρη,,,,way
Τζουμέρκων,,,,way
Τημένους,,,,way
Τηρέως,,,,way
Τιθορέας,,,,way
Τιμοθέου,,,,way
Τιμοκλέους,,,,way
Τιμοκρέοντος,,,,way
Τιμολέοντος,,,,way
Τιμοξένους,,,,way
Τιμοσθένους,,,,way
Τουρμέρ,,,,way
Τριγγέτα,,,,way
Τριπτολέμου,,,,way
Τσελέπη,,,,way
Τυδέως,,,,way
Υψικλέους,,,,way
Φαέθοντος,,,,way
Φαβιέρου,,,,way
Φαιναρέτης,,,,way
Φαλέα,,,,way
Φανοσθένους,,,,way
Φιλαδελφέως,,,,way
Φιλοθέου,,,,way
Φιλοξένου,,,,way
Φλέσσα,,,,way
Φολέγανδρου,,,,way
Φωριέλ,,,,way
Χέρσωνος,,,,way
Χέυδεν,,,,way
Χαιρέτη,,,,way
Χαμοστέρνας,,,,way
Χαντζέρη,,,,way
Χωρέμη,,,,way
Ωλένου,,,,way
Ωριγένους,,,,way
Ωρομέδοντος,,,,way
"Κομένου Αρτης",,,,way
"Κυψέλης ",,,,way
"Καψαμπέλη Γ.",,,,way
"Κελετσέκη Στ.",,,,way
"Μέγα Ι.",,,,way
"Μπέλλου Λ.",,,,relation
"Μπλέσσα Μ.",,,,way
"Σέχου Ι.",,,,way
"Σφαέλου Α.",,,,way
"Γέφυρα Calatrava",,,,way
"Αγαμέμνονος Μεταξά",,,,way
"Αγγέλου Βλάχου",,,,way
"Αλέξανδρου Διάκου",,,,way
"Αλέξανδρου Πάλλη",,,,way
"Ανδρέα Μεταξά",,,,way
"Αριστοτέλη Ζάχου",,,,way
"Βασιλέως Αλεξάνδρου",,,,way
"Ερνέστου Εμπράρ",,,,way
"Ευέλπιδος Ρογκάκου",,,,way
"Ευαγγέλου Γιάνναρη",,,,way
"Λέλας Καραγιάννη",,,,way
"Πέτρου Ράλλη",,,,way
"Ροβέρτου Γκάλλι",,,,way
"Τιμολέοντος Βάσσου",,,,way
"Τσιγαντέ Ιωάννη",,,,way
"Αγγέλου Γέροντα",,,,way
"Σέχου Δέσπως",,,,way
"Ευέλπιδος Λέκκα Γ",,,,way
"Αλέξη Παυλή",,,,way
"Βασιλέως Ηρακλείου",,,,way
"Βασιλέως Κωνσταντίνου",,,,way
"Θέμου Αννίνου",,,,way
"Φαληρέως Δημητρίου",,,,way
"Βασιλέως Γεωργίου Α'",,,,way
"Βασιλέως Γεωργίου Β'",,,,relation
"Πέτρου Κόκκαλη",,,,way
"Πέτρου Σαρόγλου",,,,way
"Αγγέλου Σικελιανού",,,,way
"Αλέξανδρου Σούτσου",,,,way
"Αλμπέρ Καμύ",,,,way
"Ανδρέα Μουστοξύδη",,,,way
"Ανδρέα Συγγρού",,,,way
"Αριστοτέλους Κούζη",,,,way
"Αχιλλέως Κύρου",,,,way
"Δημοσθένους Ρούσου",,,,way
"Καραβαγγέλη Γερμανού",,,,way
"Οδυσσέα Ανδρούτσου",,,,way
"Ρενέ Πυώ",,,,way
Χέλντραϊχ,,,,way
Σέλλεϋ,,,,way
Αβδήρων,,,,way
Αγήνορος,,,,way
Αγαπήνορος,,,,way
Αγαπήνου,,,,way
Αδμήτου,,,,way
Αλήθειας,,,,way
Αλκμήνης,,,,way
Αλωπεκής,,,,way
Αμήτορος,,,,way
Αμερικής,,,,way
Αντήνορος,,,,relation
Αριστοδήμου,,,,way
Αρχιμήδους,,,,way
Βασιλικής,,,,way
Βατσαξή,,,,way
Βερσή,,,,way
Βλαντή,,,,way
Βουλής,,,,way
Γενισαρλή,,,,way
Γουδή,,,,relation
Δήλου,,,,way
Δήμητρας,,,,way
Δαμαγήτου,,,,way
Δαφνομήλη,,,,way
Δεμερτζή,,,,way
Δεξαμενής,,,,way
Διαμαντή,,,,way
Δοξαπατρή,,,,way
Δωδεκανήσου,,,,way
Ειρήνης,,,,way
Επικτήτου,,,,way
Επτανήσου,,,,way
Ευφήμου,,,,way
Ζήλων,,,,way
Ζήνωνος,,,,way
Ζήτρου,,,,way
Θήρας,,,,way
Θήρωνος,,,,way
Ιβήρων,,,,way
Ισμήνης,,,,way
Κήπων,,,,way
Καζαντζή,,,,way
Καλλονής,,,,way
Καραθεοδωρή,,,,way
Καραμήτσα,,,,way
Καραχρήστου,,,,way
Κασσιανής,,,,way
Καταρτζή,,,,way
Κλειδήμου,,,,way
Κλεομήδους,,,,way
Κομοτηνής,,,,way
Κοραή,,,,relation
Κορυζή,,,,way
Κουτσοδήμου,,,,way
Κρήνης,,,,way
Κρήτης,,,,way
Κριεζή,,,,way
Κυθήρων,,,,way
Κυρήνειας,,,,way
Κυρρήστου,,,,way
Κωστή,,,,way
Λήδας,,,,way
Λήθης,,,,way
Λαγουμιτζή,,,,way
Λαμπαρδή,,,,way
Λαμπρινής,,,,way
Λουτζή,,,,way
Μήλου,,,,way
Μαδουρής,,,,way
Μακρή,,,,way
Μαρασλή,,,,way
Μενεδήμου,,,,way
Μεσσήνης,,,,way
Μιλήτου,,,,way
Μπουγιουκλή,,,,way
Μυτιλήνης,,,,way
Νήσου,,,,way
Ναζλή,,,,way
Νικήτα,,,,way
Νικομήδους,,,,way
Ξηροκρήνης,,,,way
Ομήρου,,,,way
Ουμπλιανής,,,,way
Πήγασου,,,,way
Πήλικα,,,,way
Πανσελήνου,,,,way
Πανταζή,,,,way
Παπαδήμα,,,,way
Παπανικολή,,,,way
Πελλήνης,,,,way
Πελοποννήσου,,,,way
Πλήθωνος,,,,way
Πολυμήτου,,,,way
Πολυφήμου,,,,way
Πρεμετής,,,,way
Πριήνης,,,,way
Πριγκηποννήσων,,,,way
Προκονήσου,,,,way
Ρήνειας,,,,way
Ραγκαβή,,,,way
Σήστου,,,,way
Σήφακα,,,,way
Σαρανταπήχου,,,,way
Σαρρή,,,,way
Σημαντήρα,,,,way
Σκαλιστήρη,,,,way
Σλήμαν,,,,way
Σουρή,,,,way
Σουρμελή,,,,way
Συήνης,,,,way
Συκουτρή,,,,way
Σωτήρος,,,,way
Τήνου,,,,way
Τζανή,,,,way
Τιμοδήμου,,,,way
Τριδήμα,,,,way
Τσικλητήρα,,,,way
Φαλήρου,,,,way
Φιλελλήνων,,,,way
Φιλοδήμου,,,,way
Φραντζή,,,,way
Φυλής,,,,way
Χαλκιδικής,,,,way
Χατζή,,,,way
Χατζηχρήστου,,,,way
Χορτατζή,,,,way
"Παντελή Χορν",,,,way
"Καραολή & Δημητρίου",,,,way
"Ιωσήφ των Ρόγων",,,,way
"Αθήνα - Θεσσαλονίκη - Εύζωνοι",,,,way
"Βουρή Γ.",,,,way
"Πυρρή Αγγ.",,,,way
"Φιλήμονος Ι.",,,,way
"Φιλήμονος Τιμ.",,,,way
"Χατζή Π.",,,,way
"Χατζηκωνσταντή Μ.",,,,way
"Μιχαήλ Μωραΐτη",,,,way
"Αγγελικής Χατζημιχάλη",,,,way
"Εμμανουήλ Μπενάκη",,,,way
"Εμμανουήλ Παππά",,,,way
"Ιωσήφ Μομφεράτου",,,,way
"Κωστή Παλαμά",,,,way
"Μονής Πετράκη",,,,way
"Παναγή Τσαλδάρη",,,,way
"Χρήστου Βουρνάζου",,,,way
"Χρήστου Λαδά",,,,way
"Αναπήρων Πολέμου",,,,way
"Δήμου Τσέλιου",,,,way
"Θεοδωρήτου Βρεσθένης",,,,way
"Μονής Σέκου",,,,way
"Μονής Σέλτσου",,,,way
"Μιχαήλ Χρήστου",,,,way
"Προφήτου Δανιήλ",,,,way
"Ρήγα Παλαμήδου",,,,way
"Σαμουήλ Καλογήρου",,,,way
"Αργεντινής Δημοκρατίας",,,,way
"Γαβριήλ Αναστασίου",,,,way
"Διγενή Ακρίτα",,,,way
"Ειρήνης Αθηναίας",,,,way
"Μήτρου Σαρκουδίνου",,,,way
"Μονής Αστερίου",,,,way
"Ρήγα Φεραίου",,,,way
"Χρήστου Μαντίκα",,,,way
"Μονής Προδρόμου",,,,way
"Επικελευστή Αποστόλου Ασπρογέρακα",,,,way
"Εμμανουήλ Λυκούδη",,,,way
"Ιωσήφ Δαμασκηνού",,,,way
"Μονής Κύκκου",,,,way
"Μανουήλ Γεδεών",,,,way
Αίαντος,,,,way
Αίγλης,,,,way
Αίθρας,,,,way
Αίμου,,,,way
Αίμωνος,,,,way
Αίνου,,,,way
Αβίας,,,,way
Αβησσυνίας,,,,way
Αβραντίνου,,,,way
Αγαθίου,,,,way
Αγαθοδαίμονος,,,,way
Αγανίππης,,,,way
Αγαρίστης,,,,way
Αγγίστης,,,,way
Αγλαονίκης,,,,way
Αγοναρίδου,,,,way
Αγορακρίτου,,,,way
Αγραίων,,,,way
Αγρινίου,,,,way
Αδριανείου,,,,way
Αετίου,,,,way
Αετίωνος,,,,way
Αθαμανίας,,,,way
Αθηναίου,,,,way
Αιγίνης,,,,way
Αιγίου,,,,way
Αιγίσθου,,,,way
Αιγαίου,,,,way
Αιγηίδων,,,,way
Αιδεσίου,,,,way
Αιθαλίδου,,,,way
Αινείου,,,,way
Αιολίδος,,,,way
Αισχίνου,,,,way
Αιτωλίας,,,,way
Ακαδημίας,,,,way
Ακαρνανίας,,,,way
Ακρολαμίας,,,,way
Ακρωτηρίου,,,,way
Ακταίου,,,,way
Αλεξίνου,,,,way
Αλεξίου,,,,way
Αλεξανδρείας,,,,way
Αλιβερίου,,,,way
Αλιμουσίων,,,,way
Αλκίμου,,,,way
Αλκίππου,,,,way
Αλκίφρονος,,,,way
Αλκαίου,,,,way
Αλκμαίονος,,,,way
Αλκυονίας,,,,way
Αλμείδα,,,,way
Αλμωπίας,,,,way
Αλφειωνίας,,,,way
Αμασίου,,,,way
Αμβρακίας,,,,way
Αμεινίου,,,,way
Αμειψίου,,,,way
Αμερίου,,,,way
Αμορίου,,,,way
Αμπελακίων,,,,relation
Αμφίκλειας,,,,way
Αμφίσσης,,,,way
Αμφίωνος,,,,way
Αμφείας,,,,way
Αμφιτρίτης,,,,way
Ανανίου,,,,way
Ανατολίου,,,,way
Αναχαρσίδος,,,,way
Ανδοκίδου,,,,way
Ανδραίμονος,,,,way
Ανδριτσαίνης,,,,way
Ανεξαρτησίας,,,,way
Ανηφορίτη,,,,way
Ανθίου,,,,way
Ανθίππου,,,,way
Ανθείας,,,,way
Ανθεμίου,,,,way
Ανοίξεως,,,,way
Αντίπατρου,,,,way
Αντίσσης,,,,way
Αντίστρατου,,,,way
Ανταίου,,,,way
Αντιμαχίδου,,,,way
Αντιοχείας,,,,way
Αντιφίλου,,,,way
Απολλωνίου,,,,way
Αρίστωνος,,,,way
Αρίφρονος,,,,way
Αρίωνος,,,,way
Αραχναίου,,,,way
Αραχναίων,,,,way
Αργολίδος,,,,relation
Αργοστολίου,,,,way
Αργυρίου,,,,way
Αρεταίου,,,,way
Αριανίτου,,,,way
Αριστίππου,,,,way
Αρισταίου,,,,way
Αριστείδου,,,,way
Αριστογείτονος,,,,way
Αρκαδίας,,,,way
Αρκεσίνης,,,,way
Αρκτίνου,,,,way
Αρμοδίου,,,,way
Αρμονίας,,,,way
Αροανίων,,,,relation
Αρτεμισίου,,,,way
Αρτοτίνης,,,,way
Αρχίνου,,,,way
Ασπασίας,,,,way
Αστεροσκοπείου,,,,way
Αστυπαλαίας,,,,way
Ασωπίου,,,,way
Αυλίδος,,,,way
Αφαίας,,,,way
Αφιδναίων,,,,way
Αφροδίτης,,,,way
Αχρίδος,,,,way
Βίαντος,,,,way
Βίγλας,,,,way
Βίνκελμαν,,,,way
Βίτωνος,,,,way
Βίωνος,,,,way
Βαλασίου,,,,way
Βαλαωρίτου,,,,way
Βαλτετσίου,,,,way
Βαρίκα,,,,way
Βαρδουσίων,,,,way
Βασίλα,,,,way
Βασίλης,,,,way
Βασιλαδίου,,,,way
Βατοπεδίου,,,,way
Βαφειοχωρίου,,,,way
Βεβεκίου,,,,way
Βεγορίτιδος,,,,way
Βελεστίνου,,,,relation
Βελισσαρίου,,,,way
Βερβαίνων,,,,way
Βεργοβίτσας,,,,way
Βεργοβίτσης,,,,way
Βερενίκης,,,,way
Βεροίας,,,,way
Βησσαρίωνος,,,,way
Βιθυνίας,,,,way
Βοιωτίας,,,,way
Βολταίρου,,,,way
Βουτιερίδου,,,,way
Βρασίδα,,,,way
Βραχωρίου,,,,way
Βρισηίδος,,,,way
Βρυσακίου,,,,way
Βυτίνης,,,,way
Γαβριηλίδου,,,,way
Γαδίλων,,,,way
Γαλαξία,,,,way
Γαλαξιδίου,,,,way
Γαλατείας,,,,way
Γαλατσίου,,,,way
Γαργηττίων,,,,way
Γεμίνου,,,,way
Γερακίου,,,,way
Γερανίου,,,,way
Γερανίων,,,,way
Γκίκα,,,,way
Γοργίου,,,,way
Γουμενίτσης,,,,way
Γουσίου,,,,way
Γρίμποβου,,,,way
Γρανίτσα,,,,way
Γρηγοροβίου,,,,way
Γριβαίων,,,,way
Γυθείου,,,,way
Δίπλα,,,,way
Δαίρπφελδ,,,,way
Δαμασίππου,,,,way
Δανίλη,,,,way
Δαρδανελλίων,,,,way
Δασίου,,,,way
Δελβίνου,,,,way
Δεξίλεω,,,,way
Δεξίππου,,,,way
Δερβενίων,,,,way
Δευκαλίωνος,,,,way
Δημοκρίτου,,,,way
Δημοκρατίας,,,,way
Δικαίου,,,,way
Διομείας,,,,way
Διοσκουρίδου,,,,way
Διστομίτου,,,,way
Δορυλαίου,,,,way
Δουρίδος,,,,way
Δοχειαρίου,,,,way
Δρίνου,,,,way
Δραγατσανίου,,,,way
Δροσίνη,,,,way
Δυρραχίου,,,,way
Ειρηναίου,,,,way
Εκαταίου,,,,way
Εκφαντίδου,,,,way
Ελίκης,,,,way
Ελασίδων,,,,way
Ελευθερίας,,,,way
Ελευσινίων,,,,way
Ελλανίκου,,,,way
Ελλοπίας,,,,way
Ελπίδος,,,,way
Ενδυμίωνος,,,,way
Εξηκίου,,,,way
Επιμενίδου,,,,way
Επινίκου,,,,way
Επταπυργίου,,,,way
Ερασινίδου,,,,way
Ερασμίας,,,,way
Εργοτίμου,,,,way
Ερεχθείου,,,,way
Ερμίππου,,,,way
Ερυθραίας,,,,way
Ερυσίχθονος,,,,way
Εσλίν,,,,way
Εστίας,,,,way
Ευαγγελιστρίας,,,,way
Ευαλκίδου,,,,way
Ευβοίας,,,,way
Ευγενίδου,,,,way
Ευδοκίας,,,,way
Ευελπίδων,,,,way
Ευκλείας,,,,way
Ευκλείδου,,,,way
Ευπαλίνου,,,,way
Ευπατορίας,,,,relation+way
Ευπατρίδων,,,,way
Ευπολίδος,,,,way
Ευρίπου,,,,way
Ευριπίδου,,,,way
Ευρυκλείδου,,,,way
Ευρυτανίας,,,,relation+way
Ευρωστίνης,,,,way
Ευσταθίου,,,,way
Ευταξίου,,,,way
Ευτοκίου,,,,way
Ευτυχίας,,,,way
Ευτυχίδου,,,,way
Ευφορίωνος,,,,way
Ευφρονίου,,,,relation+way
Εφεστίων,,,,way
Ζίτσης,,,,way
Ζίχνης,,,,way
Ζαβίρα,,,,way
Ζαγορίων,,,,way
Ζαλίκη,,,,way
Ζαμπελίου,,,,way
Ζαρίφη,,,,way
Ζαχία,,,,way
Ζαχαρίτσα,,,,way
Ζησίου,,,,way
Ζωσίμου,,,,way
Ζωχίου,,,,way
Ηγίου,,,,way
Ηπίτου,,,,way
Ηπείρου,,,,way
Ηραίων,,,,way
Ηρακλείου,,,,way
Ηρακλείτου,,,,way
Ηροφίλης,,,,way
Ηροφίλου,,,,way
Ηφαίστου,,,,way
Θίσβης,,,,way
Θεογνίδος,,,,way
Θεοκρίτου,,,,way
Θεσπρωτίας,,,,way
Θεσσαλονίκης,,,,way
Θεωρίας,,,,way
Θηναίας,,,,way
Θησείου,,,,way
Θορικίων,,,,way
Θουκυδίδου,,,,way
Θριασίων,,,,way
Θυαμίδος,,,,way
Θυατείρων,,,,way
Θυμβρίου,,,,way
Ιακωβίδου,,,,way
Ιασίου,,,,way
Ικαρίας,,,,way
Ικονίου,,,,way
Ικτίνου,,,,way
Ιλίου,,,,way
Ιλισίων,,,,way
Ιλλυρίας,,,,way
Ιμίων,,,,way
Ιμεραίου,,,,way
Ιππονίκου,,,,way
Ισαίου,,,,way
Ισαυρίδη,,,,way
Ιφιγενείας,,,,way
Ιωαννίνων,,,,way
Ιωνίας,,,,way
Κίμωνος,,,,way
Κίου,,,,way
Κίρρας,,,,way
Καδμείας,,,,way
Καθημείας,,,,way
Καισαρείας,,,,way
Κακουργιοδικείου,,,,way
Καλίππου,,,,way
Καλαβρίας,,,,way
Καλαμίδα,,,,way
Καλαμίδος,,,,way
Καλλίστης,,,,way
Καλλιδρομίου,,,,way
Καλλικρατίδου,,,,way
Καλλινίκου,,,,way
Καλομοίρη,,,,way
Καπαδοκίας,,,,way
Καπνοκοπτηρίου,,,,way
Καποδιστρίου,,,,way
Καρδίτσης,,,,way
Καρθαίου,,,,way
Καρκαβίτσα,,,,way
Καρκησίας,,,,way
Καρπενησίου,,,,way
Καρτερίας,,,,way
Καρυταίνης,,,,way
Κασταλίας,,,,way
Καστελίου,,,,way
Κατερίνης,,,,way
Κερατσινίου,,,,way
Κερκίνης,,,,way
Κεφαλληνίας,,,,way
Κηρυκείου,,,,way
Κηφισίας,,,,relation+way
Κιλικίας,,,,way
Κιλκίς,,,,way
Κιτίου,,,,way
Κλειτίου,,,,way
Κλεοβίδος,,,,way
Κλυτίας,,,,way
Κνίδου,,,,way
Κοίλης,,,,way
Κοκκίνη,,,,way
Κοκκίνου,,,,way
Κολχίδος,,,,way
Κονίτσης,,,,way
Κοντογιανναίων,,,,way
Κοντοσκαλίου,,,,way
Κορίνθου,,,,way
Κορίννης,,,,way
Κορδελίου,,,,way
Κορινθίας,,,,way
Κοροίβου,,,,way
Κορωνείας,,,,way
Κορωπίου,,,,way
Κοτυαίου,,,,way
Κοτυλαίου,,,,way
Κουγκίου,,,,way
Κουρτίδου,,,,way
Κουτσονίκα,,,,way
Κρίσσης,,,,way
Κρίτωνος,,,,way
Κρατίνου,,,,way
Κρησίλα,,,,way
Κριμαίας,,,,way
Κριτίου,,,,way
Κριτοβουλίδου,,,,way
Κρουσίου,,,,way
Κτησίου,,,,way
Κτησιβίου,,,,way
Κυδαθηναίων,,,,way
Κυδαντίδων,,,,way
Κυζίκου,,,,way
Κυμαίων,,,,way
Κυνίσκας,,,,way
Κυναιγείρου,,,,way
Κυνουρίας,,,,way
Κωνσταντινίδου,,,,way
Λίνδου,,,,way
Λαζαίων,,,,way
Λαζαρίμου,,,,way
Λακεδαίμονος,,,,relation
Λακωνίας,,,,relation
Λαμίας,,,,way
Λανίτη,,,,way
Λαοδικείας,,,,way
Λαρίσης,,,,relation+way
Λασιθίου,,,,way
Λασκαρίδου,,,,relation
Λεβαδείας,,,,way
Λεβιδίου,,,,way
Λεοντίου,,,,way
Λευκίππου,,,,way
Λευκωσίας,,,,way
Λεωκορίου,,,,way
Λεωνίδου,,,,way
Λιακαταίων,,,,way
Λιβίνη,,,,way
Λιοσίων,,,,way
Λογγίνου,,,,way
Λοκρίδος,,,,way
Λουδία,,,,way
Λυδίας,,,,way
Λυκίας,,,,way
Λυκαίου,,,,way
Λυκαονίας,,,,way
Λυκείου,,,,way
Λυσίου,,,,way
Λυσίππου,,,,way
Μίκωνος,,,,way
Μίλωνος,,,,way
Μίνωος,,,,way
Μαβίλη,,,,way
Μαγγίνα,,,,way
Μαγνησίας,,,,way
Μακεδονίας,,,,way
Μακροχωρίου,,,,way
Μακρυνίτσας,,,,way
Μακρυνείας,,,,way
Μαντινείας,,,,way
Μαργαρίτη,,,,way
Μαρωνείας,,,,way
Μασσαλίας,,,,way
Μαυρικίου,,,,way
Μαυροματαίων,,,,way
Μεγίστης,,,,way
Μελαντίας,,,,way
Μελενίκου,,,,way
Μελιταίων,,,,way
Μεναίχμου,,,,way
Μερσίνης,,,,way
Μεσημβρίας,,,,relation+way
Μεσογείων,,,,way
Μεσολογγίου,,,,way
Μεσσαπίου,,,,way
Μεσσηνίας,,,,way
Μετανείρας,,,,way
Μετοχίτη,,,,way
Μηδείας,,,,way
Μητσαίων,,,,way
Μοναστηρίου,,,,way
Μονεμβασίας,,,,way
Μοσχοβίτη,,,,way
Μοσχονησίων,,,,way
Μουσαίου,,,,way
Μπιγλίστας,,,,way
Μπιζανίου,,,,way
Μπιρμπίλη,,,,way
Μπουαίων,,,,way
Μπουζίκη,,,,way
Μπουμπουλίνας,,,,way
Μυκονίου,,,,way
Μυρωνίδου,,,,way
Μυστακίδου,,,,way
Μωραιτίνη,,,,way
Νίκαιας,,,,way
Νίκης,,,,way
Ναυαρίνου,,,,way
Ναυπλίου,,,,way
Νεκταρίου,,,,way
Νεοχωρίου,,,,way
Νευροκοπίου,,,,way
Νηρηίδων,,,,relation
Νησαίας,,,,way
Νιγρίτης,,,,way
Νικίου,,,,way
Νικομηδείας,,,,way
Νυμφαίου,,,,way
Νωνακρίδος,,,,way
Ξανθίππης,,,,way
Ξανθίππου,,,,way
Ξανθουδίδου,,,,way
Ξενίας,,,,way
Ξενοφίλου,,,,way
Ξηροβουνίου,,,,way
Ξιφίου,,,,way
Οίτης,,,,way
Οδεμησίου,,,,way
Οιδίποδος,,,,way
Οιχαλίας,,,,way
Ολβίας,,,,way
Ολυμπίας,,,,way
Ολυμπίων,,,,way
Ορειβασίου,,,,way
Ορθοδοξίας,,,,way
Ορμηνίου,,,,way
Ορφανίδου,,,,way
Πίνδου,,,,way
Πίττα,,,,way
Παγγαίου,,,,way
Παιωνίου,,,,way
Παλαμηδίου,,,,way
Παλιγγενεσίας,,,,way
Παλληναίων,,,,way
Παμίσου,,,,way
Παμφίλης,,,,way
Παμφίλου,,,,way
Παναγίδη,,,,way
Παναθηναίων,,,,way
Παναιτωλίου,,,,way
Πανδίωνος,,,,way
Πανδοσίας,,,,way
Πανεπιστημίου,,,,way
Παντειχίου,,,,way
Παπαζαχαρίου,,,,way
Παπαναστασίου,,,,way
Παπανδρία,,,,way
Παρασίου,,,,way
Παρμενίδου,,,,way
Παρορίτη,,,,way
Πατησίων,,,,way
Παυσανίου,,,,way
Πελίου,,,,way
Πελαγονίας,,,,way
Πελοπίδα,,,,way
Περδίκα,,,,way
Πετρίδου,,,,way
Πηλίου,,,,way
Πηλουσίου,,,,way
Πιερίας,,,,way
Πικανίδη,,,,way
Πιπίνου,,,,way
Ποικίλης,,,,way
Πολυβίου,,,,relation
Πολυζωίδου,,,,way
Πολυκλείτου,,,,way
Πολυμνίας,,,,way
Πολυτεχνείου,,,,way
Ποπλίου,,,,way
Πορίνου,,,,way
Πορφυρίου,,,,way
Ποσιδίππου,,,,way
Πουκεβίλ,,,,way
Πουλίου,,,,way
Πουλχερίας,,,,way
Πραξίου,,,,way
Πρατίνου,,,,relation+way
Προαιρεσίου,,,,way
Προποντίδος,,,,way
Προπυλαίων,,,,way
Πρυτανείου,,,,way
Πτολεμαίων,,,,way
Πυγμαλίωνος,,,,way
Πυθίας,,,,way
Ρίζου,,,,way
Ρίου,,,,way
Ραμνουσίων,,,,way
Ρηγίλλης,,,,way
Ροστοβίου,,,,way
Ρυσίου,,,,way
Σίνα,,,,way
Σίφνου,,,,way
Σαββίδου,,,,way
Σακελαρίδη,,,,way
Σαλαμίνος,,,,way
Σαμαρίνας,,,,way
Σαντοβίτσης,,,,way
Σαχίνη,,,,way
Σεβαστείας,,,,way
Σεπολίων,,,,way
Σερίφου,,,,way
Σερβίων,,,,way
Σηλυβρίας,,,,way
Σητείας,,,,way
Σιατίστης,,,,way
Σιθωνίας,,,,way
Σικίνου,,,,way
Σικελίας,,,,way
Σιλανίωνος,,,,way
Σκαλίδη,,,,way
Σκαμβωνίδων,,,,way
Σκουλενίου,,,,way
Σκυλίτση,,,,way
Σουηδίας,,,,way
Σουλίου,,,,way
Σουφλίου,,,,way
Σπευσίππου,,,,way
Στίλπωνος,,,,way
Σταγείρων,,,,way
Σταδίου,,,,way
Στρατονίκης,,,,way
Στυλιανίδη,,,,way
Στυμφαλίας,,,,way
Συμπλικίου,,,,way
Σφακίων,,,,way
Σφακτηρίας,,,,way
Σφηττίων,,,,way
Σχολείου,,,,way
Σωφρονίου,,,,way
Σωφρονίσκου,,,,way
Τίρυνθος,,,,way
Τανταλίδου,,,,way
Ταυρίδος,,,,way
Τελεσίλης,,,,way
Τελεσίου,,,,way
Τερτίπη,,,,way
Τζιραίων,,,,way
Τιμαίου,,,,way
Τοσίτσα,,,,relation+way
Τουρναβίτη,,,,way
Τρίκκης,,,,way
Τρίπου,,,,way
Τρίτωνος,,,,way
Τραπεζουντίου,,,,way
Τρεμπεσίνας,,,,way
Τριανταφυλλίδη,,,,way
Τριφυλίας,,,,relation+way
Τριχωνίδος,,,,way
Τροίας,,,,way
Τροπαίων,,,,way
Τροφωνίου,,,,way
Τσίλλερ,,,,way
Τσοτυλίου,,,,way
Τυρταίου,,,,way
Υβρίου,,,,way
Υγείας,,,,way
Υπατίας,,,,way
Υπερίωνος,,,,way
Υπερείδου,,,,way
Υρκανίας,,,,way
Υψωμαθείων,,,,way
Φαίδρου,,,,way
Φαίδωνος,,,,way
Φακίου,,,,way
Φαλαισίας,,,,way
Φαναρίου,,,,way
Φαρμακίδου,,,,way
Φείδωνος,,,,way
Φειδίου,,,,way
Φειδιππίδου,,,,way
Φιλίππων,,,,way
Φιλαδελφείας,,,,way
Φιλεταίρου,,,,way
Φιλιππίδου,,,,way
Φιλοποίμενος,,,,way
Φιλοτίμου,,,,way
Φιλοτίου,,,,way
Φιντίου,,,,way
Φλωρίνης,,,,way
Φοίβου,,,,way
Φοινίκης,,,,way
Φρίξου,,,,way
Φρεαρίων,,,,way
Φρυνίχου,,,,way
Φυλασίων,,,,way
Φυλλίδος,,,,way
Φωκίδος,,,,way
Φωκίωνος,,,,way
Φωκαίας,,,,way
Φωκυλίδου,,,,way
Χίμαιρας,,,,way
Χίου,,,,way
Χαβρίου,,,,way
Χαλκίδος,,,,way
Χανίων,,,,way
Χαονίας,,,,way
Χαρίσσης,,,,way
Χαριδίμου,,,,way
Χαριτωνίδου,,,,way
Χείρωνος,,,,way
Χιλιανδαρίου,,,,way
Χιονίδου,,,,way
Χλωρίδος,,,,way
Χορμοβίτου,,,,way
Χρεμωνίδου,,,,way
Χρηματιστηρίου,,,,way
Χρηστίδου,,,,way
Χριστοκοπίδου,,,,way
Χρυσηίδος,,,,way
Χρυσοσπηλιωτίσσης,,,,way
Ψαλλίδα,,,,way
Ψαρομηλίγκου,,,,way
Ψηλορείτη,,,,way
Ωκεανίδων,,,,way
Ωρίωνος,,,,way
"Αμεδαίου Χαν",,,,way
"Γεωργίου Πωπ",,,,way
"Δαυίδ Ντανζε",,,,way
"Ιουλίου Σμιθ",,,,way
"Οικονομίδου Β",,,,way
"Ουίλλιαμ Κινγκ",,,,way
"Παπαντωνίου Ζ",,,,way
"Πλατεία ΕΟΚΑ",,,,way
"Πλατεία ΠΕΑΝ",,,,way
"Πολίτη Ν",,,,way
"Πολίτη Φ",,,,way
"Ρίζου Νερουλου",,,,way
"Φρειδερίκου Σμιθ",,,,way
"Κίτσου & Πάνου Κοσμά",,,,way
"Αγγελίδου Φ.",,,,way
"Αγκωνίτου Κ.",,,,way
"Αμεδαίου Χ.",,,,way
"Αναστασίου Γ.",,,,way
"Γεωργίου Αν.",,,,way
"Γρηγορίου Δ.",,,,way
"Κίτσου Γ.",,,,way
"Καρολίδου Π.",,,,way
"Κωνσταντινίδου Ολ.",,,,way
"Οικονομίδου Φ.",,,,way
"Παρίδη Μ.",,,,way
"Σπαρτίδη Σ.",,,,way
"Πλατεία Αγ. Παρασκευής",,,,way
"Πλατεία Ε.Π.Ο.Ν.",,,,way
"Αγίας Άννης",,,,way
"Ιγνατίου Άρτης",,,,way
"Αγίου Όρους",,,,way
"Βασιλίσσης Όλγας",,,,way
"Αγίου Θωμά",,,,way
"Αγίου Λουκά",,,,way
"Αγίου Μάρκου",,,,way
"Αγίου Νικολάου",,,,way
"Αγίου Πολυκάρπου",,,,way
"Αγίου Σάββα",,,,way
"Αγίου Στεφάνου",,,,way
"Αγίων Ασωμάτων",,,,way
"Αγίων Πάντων",,,,way
"Αιμιλίας Δάφνη",,,,way
"Αιμιλίου Βεάκη",,,,way
"Αλίμου Κατεχάκη",,,,way
"Αμβροσίου Πλυτά",,,,way
"Αννίνου Μπάμπη",,,,way
"Αντωνίου Παπαδάκη",,,,way
"Αρχαίο μονοπάτι",,,,way
"Βιργινίας Μπενάκη",,,,way
"Γενναδίου Ιωάννη",,,,way
"Γερασίμου Φωκά",,,,way
"Γεωργίου Βλάχου",,,,way
"Γεωργίου Καφαντάρη",,,,way
"Γεωργίου Μαριδάκη",,,,way
"Γεωργίου Μπάλη",,,,way
"Γεωργίου Παπανικολάου",,,,way
"Γεωργίου Χενουδάκη",,,,way
"Δημητρίου Μάργαρη",,,,way
"Δημουλίτσα Πάργας",,,,way
"Διονυσίου Λάτα",,,,way
"Ευγενίου Βουλγάρεως",,,,way
"Εφεσίου Σωράνου",,,,way
"Ηλία Κορμά",,,,way
"Ηλία Ρογκάκου",,,,way
"Κυπαρίσσου Στεφάνου",,,,way
"Κυρίλλου Λουκάρεως",,,,way
"Κωνσταντίνου Τσάτσου",,,,way
"Νεκταρίου Σάββα",,,,way
"Πλατεία Βαρνάβα",,,,way
"Πλατεία Γεωργιάδη",,,,way
"Πλατεία Θεάτρου",,,,way
"Πλατεία Κάνιγγος",,,,relation
"Πλατεία Καλλιγά",,,,way
"Πλατεία Καραμάνου",,,,way
"Πλατεία Κυνοσάργους",,,,way
"Πλατεία Μαυροκορδάτου",,,,way
"Πλατεία Παπαδιαμάντη",,,,way
"Πλατεία Παπαλουκά",,,,way
"Πλατεία Πρωτομαγιάς",,,,way
"Πλατεία Ράμνες",,,,way
"Πλατεία Συντάγματος",,,,relation+way
"Πλατεία Φιλοπάππου",,,,way
"Φιλιππίδη Μάρκου",,,,way
"πλατεία Πλάτωνα",,,,way
"Πλατεία Διάκου Αλ.",,,,way
"Πλατεία Ιωάννου Νοταρά",,,,way
"Πλατεία Μάχης Αναλάτου",,,,way
"Πλατεία Παλαιάς Αγοράς",,,,relation
"Αγίου Ιωάννου Κυνηγού",,,,way
"Αγίας Θέκλας",,,,way
"Αγίας Μαρκέλλας",,,,way
"Αγίας Φιλοθέης",,,,way
"Αγίου Ανδρέου",,,,way
"Αγίου Πέτρου",,,,way
"Γεωργίου Κρέμου",,,,way
"Διονυσίου Εφέσου",,,,way
"Ελευθερίου Βενιζέλου",,,,way
"Κουρτίου Ερνέστου",,,,way
"Λαερτίου Διογένους",,,,way
"Πλατεία Καπνικαρέας",,,,relation
"Πλατεία Πέτρουλα",,,,way
"Πλατεία Παρθένη",,,,way
"Πλατεία Σκουζέ",,,,way
"Πλατεία Φλέμινγκ",,,,way
"Φρειδερίκου Τσέντνερ",,,,way
"Φωκίωνος Νέγρη",,,,way
"Πλατεία Λέλας Καραγιάννη",,,,way
"Αγίας Ειρήνης",,,,way
"Αγίας Παρασκευής",,,,way
"Αγίας Φωτεινής",,,,way
"Αγίου Παντελεήμονος",,,,way
"Αμβροσίου Φραντζή",,,,way
"Ανθίμου Γαζή",,,,way
"Βασιλείου Μοσχοβή",,,,way
"Δημητρίου Αιγινήτου",,,,way
"Διονυσίου Αιγινήτου",,,,relation
"Κωνσταντίνου Βεντήρη",,,,way
"Πλατεία Αμερικής",,,,way
"Πλατεία Αττικής",,,,way
"Πλατεία Αυδή",,,,relation
"Πλατεία Δεξαμενής",,,,way
"Πλατεία Πλαστήρα",,,,way
"Σοφίας Σλήμαν",,,,way
"Συνεσίου Κυρήνης",,,,way
"Πλατεία Κωστή Παλαμά",,,,way
"Πλατεία Αργεντινής Δημοκρατίας",,,,way
"Πλατεία Προφήτη Ηλία",,,,way
"Πλατεία Φιλικής Εταιρείας",,,,way
"Αγίας Αικατερίνης",,,,way
"Αγίας Γλυκερίας",,,,way
"Αγίας Μαρίνας",,,,way
"Αγίας Σοφίας",,,,way
"Αγίου Αντωνίου",,,,way
"Αγίου Αρτεμίου",,,,way
"Αγίου Γεωργίου",,,,way
"Αγίου Δημητρίου",,,,way
"Αγίου Κωνσταντίνου",,,,way
"Αγίου Μελετίου",,,,way
"Αγίου Σπυρίδωνος",,,,relation
"Αγίου Φανουρίου",,,,way
"Αγίου Φιλίππου",,,,way
"Αναστασίου Ζίννη",,,,way
"Αρχαίος Περίπατος",,,,way
"Βασιλίσσης Αμαλίας",,,,way
"Βασιλίσσης Σοφίας",,,,relation+way
"Βορείου Ηπείρου",,,,way
"Γεωργίου Γενναδίου",,,,way
"Δημητρίου Παυλίδη",,,,way
"Δουκίσσης Πλακεντίας",,,,relation
"Ευγενίου Καραβία",,,,way
"Ευστρατίου Πίσσα",,,,way
"Κωνσταντίνου Ιατρίδου",,,,way
"Λογοθετίδη Βασίλη",,,,relation
"Μελετίου Βασιλείου",,,,way
"Νίκου Ζαρντινίδη",,,,way
"Περρίκου Κωνσταντίνου",,,,way
"Πλατεία Ανοίξεως",,,,way
"Πλατεία Βικτωρίας",,,,way
"Πλατεία Βραζιλίας",,,,way
"Πλατεία Ελευθερίας",,,,way
"Πλατεία Ελπίδας",,,,way
"Πλατεία Ελπίδος",,,,way
"Πλατεία Καρκαβίτσα",,,,way
"Πλατεία Λακωνίας",,,,way
"Πλατεία Λαυρίου",,,,way
"Πλατεία Μεσολογγίου",,,,way
"Πλατεία Μοναστηρακίου",,,,relation
"Πλατεία Ομονοίας",,,,relation+way
"Πλατεία Ορθοδοξίας",,,,way
"Πλατεία Σταδίου",,,,relation+way
"Σισίνη Γεωργίου",,,,way
"Σωτηρίου Σκίπη",,,,way
"Πλατεία Ζακλίν ντε Ρομιγί",,,,relation
"Αγίου Δημητρίου Όπλων",,,,way
"Πλατεία Αγίου Θωμά",,,,relation+way
"Πλατεία Αγίου Ιωάννου",,,,way
"Πλατεία Αγίου Λουκά",,,,way
"Πλατεία Αγίων Ασωμάτων",,,,relation
"Πλατεία Αθανασίου Διάκου",,,,way
"Πλατεία Ακαδημίας Πλάτωνος",,,,way
"Πλατεία Αμβροσίου Πλυτά",,,,way
"Πλατεία Αγίου Ιωάννη του Κυνηγού",,,,way
"Πλατεία Αγίου Ανδρέα",,,,way
"Πλατεία Ελευθερίου Βενιζέλου",,,,way
"Πλατεία Σοφίας Βέμπο",,,,way
"Πλατεία Αγίας Ειρήνης",,,,relation+way
"Πλατεία Αγίας Μαρίνας",,,,way
"Πλατεία Αγίου Αρτεμίου",,,,way
"Πλατεία Αγίου Γεωργίου",,,,way
"Πλατεία Αγίου Δημητρίου",,,,way
"Πλατεία Αγίου Κωνσταντίνου",,,,way
"Πλατεία Αγίου Μελετίου",,,,way
"Πλατεία Αγίου Σπυρίδωνος",,,,way
"Πλατεία Νοσοκομείου Παίδων",,,,way
"Πλατεία Αγίου Γεωργίου Καρύτση",,,,relation+way
"Πλατεία Αγίων Αναργύρων",,,,way
"Πλατεία Αμαλίας Μερκούρη",,,,way
"Πλατεία Κυπρίων Εθνομαρτύρων",,,,way
"Πλατεία Αγίων Θεοδώρων",,,,relation+way
"Πλατεία Δημητρίου Πικιώνη",,,,way
"Ευανθίας Καϊρη",,,,way
"Πλατεία Καραϊσκάκη",,,,way
"Αγίων Αποστόλων",,,,way
"Βασιλείου Βουλγαροκτόνου",,,,way
"Βασιλείου Μακεδόνος",,,,way
"Γρηγορίου Θεολόγου",,,,way
"Ιωαννίδη Θεολόγου",,,,way
"Κωσταντίνου Παλαιολόγου",,,,way
"Ολυμπίου Διός",,,,way
"Πλατεία Μητροπόλεως",,,,relation
"Πλατεία Νεαπόλεως",,,,way
"Πλατεία Νικολόπουλου",,,,way
"Πλατεία Προσκόπων",,,,way
"Πλατεία Ρόμβης",,,,relation
"Περίπατος Ακρόπολης (Βόρεια κλιτύς)",,,,way
"Περίπατος Ακρόπολης (Νότια κλιτύς)",,,,way
"Πλατεία Κανελλόπουλου Αθανάσιου .",,,,way
"Αγίας Ελεούσης",,,,way
"Αγίας Λαύρας",,,,way
"Αγίου Παύλου",,,,way
"Αγίου Στυλιανού",,,,way
"Αγίων Αναργύρων",,,,way
"Γεωργίου Γκλύτση",,,,way
"Γεωργίου Μπούσιου",,,,way
"Γεωργίου Νούτσου",,,,way
"Δημητρίου Καμπούρογλου",,,,way
"Δημητρίου Σούτσου",,,,way
"Διονυσίου Πύρρου",,,,way
"Ηλία Ηλιού",,,,way
"Ηλία Πουλοπούλου",,,,way
"Κωνσταντίνου Μητσοπούλου",,,,way
"Μεγίστης Λαύρας",,,,way
"Μελίνας Μερκούρη",,,,way
"Πλατεία Αιγύπτου",,,,way
"Πλατεία Γκύζη",,,,way
"Πλατεία Δικαιοσύνης",,,,relation
"Πλατεία Κεραμεικού",,,,relation
"Πλατεία Κολωνού",,,,way
"Πλατεία Κουμουνδούρου",,,,way
"Πλατεία Κυριακού",,,,way
"Πλατεία Λαού",,,,way
"Πλατεία Πανταζοπούλου",,,,way
"Πλατεία Σπανούδη",,,,way
"Ρίζου Νερούλου",,,,way
"Τρίκορφου Σμπαρούνη",,,,way
"Μαρίκας Κοτοπούλη (πρώην Ίωνος)",,,,way
"Πλατεία Ραλλούς Μάνου",,,,relation
"Πλατεία Φιλομούσου Εταιρείας",,,,way
"Πλατεία Γερμανού Χριστιανουπόλεως",,,,way
"Πλατεία Ιερού Ναού Αγίου Δημητρίου",,,,relation
"Αγίας Ζώνης",,,,way
"Βίκτωρος Ουγκώ",,,,way
"Γενναίου Κολοκοτρώνη",,,,way
"Γρηγορίου Κυδωνιών",,,,way
"Διονυσίου Αβραμιώτου",,,,way
"Κωνσταντίνου Κώττα",,,,way
"Πλατεία Κλαυθμώνος",,,,relation
"Πλατεία Κολοκοτρώνη",,,,relation
"Πλατεία Κουντουριώτου",,,,way
"Πλατεία Ταξιαρχών",,,,way
"Πλατεία Τσώκρη",,,,way
"Πλατεία Κώστα Βάρναλη",,,,way
"Πλατεία Αγνώστου Στρατιώτου",,,,relation
"Πλατεία Εργατών Πολεμιστών",,,,way
Φίνλεϋ,,,,way
Δοϊράνης,,,,way
Καραϊσκάκη,,,,way
Μεϊντάνη,,,,way
Μπαϊρακτάρη,,,,way
Ναϊάδων,,,,relation
Χοϊδά,,,,way
Δρυϊνουπόλεως,,,,way
Νεϊγύ,,,,way
Ροϊκού,,,,way
"Ροϊλού Γεωργίου",,,,way
Εϋνάρδου,,,,way
Ταϋγέτου,,,,way
Αγαθουπόλεως,,,,way
Αδριανουπόλεως,,,,way
Αεροπόρων,,,,way
Αερόπης,,,,way
Αηδόνων,,,,way
Αθηναγόρου,,,,way
Αιόλου,,,,way
Αλεξανδρουπόλεως,,,,way
Αλκινόης,,,,way
Αλκινόου,,,,way
Αλκυόνεως,,,,way
Αλκυόνης,,,,way
Αλόπης,,,,way
Αμαζόνων,,,,way
Αμπελόκηποι,,,,relation
Αμφιπόλεως,,,,way
Αναξαγόρα,,,,way
Ανδρεόπουλου,,,,way
Ανδρόνικου,,,,way
Ανθηδόνος,,,,way
Αντιγόνης,,,,way
Αντιλόχου,,,,way
Αντιόπης,,,,way
Αξιουπόλεως,,,,way
Απόλλωνος,,,,way
Αργυρουπόλεως,,,,way
Αργυρόπουλου,,,,way
Αρισταγόρα,,,,way
Αριστόνικου,,,,way
Αρχιλόχου,,,,way
Αστερόπης,,,,way
Αστραπόγιαννου,,,,way
Βαρβόγλη,,,,way
Βελλερεφόντου,,,,way
Βοσπόρου,,,,way
Βραστόβου,,,,relation
Βόλβης,,,,way
Γκαρνόφσκυ,,,,way
Γκυιλφόρδου,,,,way
Γόρτυνος,,,,way
Δαπόντε,,,,way
Διαγόρα,,,,way
Διδότου,,,,way
Διοδόρου,,,,way
Διοπόλεως,,,,way
Διστόμου,,,,way
Δρυόπων,,,,way
Δόμπολη,,,,way
Ελλησπόντου,,,,way
Εριγόνης,,,,way
Ερμαγόρα,,,,way
Ερμιόνης,,,,way
Ερμουπόλεως,,,,way
Ερωτόκριτου,,,,way
Ευδόξου,,,,way
Ευρυνόμης,,,,way
Ζαλόγγου,,,,way
Ζαφειρόπουλου,,,,way
Ζηνοδότου,,,,way
Ζυρνόβου,,,,way
Ηλιουπόλεως,,,,way
Ηροδότου,,,,way
Ησιόδου,,,,way
Ησιόνης,,,,way
Θεοπόμπου,,,,way
Θεοτοκόπουλου,,,,way
Θεοτόκη,,,,way
Θεόφιλου,,,,way
Θωμόπουλου,,,,way
Θόλου,,,,way
Ισαγόρου,,,,way
Ιόλης,,,,way
Καβαλλότι,,,,way
Καλλινόβου,,,,way
Καλλιπόλεως,,,,way
Καλλιρόης,,,,way
Καρόλου,,,,way
Καρόρη,,,,way
Καστελόριζου,,,,way
Καυτατζόγλου,,,,way
Κηφισοδότου,,,,way
Κλεισόβης,,,,way
Κλεομβρότου,,,,way
Κοντογόνη,,,,way
Κουσιανόφσκυ,,,,way
Κριναγόρου,,,,way
Κρουσόβου,,,,way
Κρόνου,,,,way
Κρότωνος,,,,way
Κωνσταντινουπόλεως,,,,way
Κόδρικα,,,,way
Κόδρου,,,,way
Κόντογλου,,,,way
Κόνωνος,,,,way
Κόσσου,,,,way
Κότσικα,,,,way
Λαμπόβου,,,,way
Λεχόβου,,,,way
Λιόπεση,,,,way
Λουκόπουλου,,,,way
Λυκόφρονος,,,,way
Λόντου,,,,way
Μαιανδρουπόλεως,,,,relation
Μακεδόνων,,,,way
Μαριουπόλεως,,,,way
Μαρκόνι,,,,way
Ματρόζου,,,,way
Μεγαλουπόλεως,,,,way
Μερόπης,,,,way
Μετσόβου,,,,way
Μηνοδότου,,,,way
Μητροπόλεως,,,,way
Μοισιόδακος,,,,way
Μοσχοπόλεως,,,,way
Μπεραντζόφσκυ,,,,way
Μπερόβου,,,,way
Μπόταση,,,,way
Μπόχαλη,,,,way
Μυρμιδόνων,,,,way
Μόσχου,,,,way
Νεοπτόλεμου,,,,way
Νικηφόρου,,,,way
Νικοπόλεως,,,,way
Νιόβης,,,,way
Ντυμόν,,,,way
Ντόντουελ,,,,way
Νόυμαν,,,,way
Ξεναγόρα,,,,way
Οικονόμου,,,,way
Οστρόβου,,,,way
Ουρανουπόλεως,,,,way
Πανδρόσου,,,,way
Πανόρμου,,,,relation+way
Πανός,,,,way
Παπαχριστοφόρου,,,,way
Περβανόγλου,,,,way
Περσεφόνης,,,,way
Πεσμαζόγλου,,,,way
Πετσόβου,,,,way
Πινότση,,,,way
Πνυκός,,,,way
Πνυταγόρα,,,,way
Πραξαγόρου,,,,way
Πρινόπουλου,,,,way
Πρωταγόρα,,,,way
Πρόκλου,,,,relation+way
Πυθαγόρα,,,,way
Πυρσόγιαννη,,,,way
Πόντου,,,,way
Πόρου,,,,way
Πότλη,,,,way
Ραζηκότζικα,,,,way
Ραφτόπουλου,,,,way
Ροδόπης,,,,way
Ροζαρόλ,,,,way
Ρόδου,,,,way
Ρόμβης,,,,way
Σανταρόζα,,,,way
Σαρανταπόρου,,,,way
Σαριπόλου,,,,way
Σεβαστουπόλεως,,,,way
Σιβόρων,,,,way
Σιδηροδρόμων,,,,way
Σκόκου,,,,way
Σκόπα,,,,way
Σμόλικα,,,,way
Σορβόλου,,,,way
Σοφιανόπουλου,,,,way
Στησιχόρου,,,,way
Στρογκόνωφ,,,,way
Σφιγγός,,,,way
Σωζοπόλεως,,,,way
Σόλωνος,,,,way
Σόροβιτς,,,,way
Τερψιχόρης,,,,way
Τετραπόλεως,,,,way
Τρικόρφων,,,,way
Τριπόδων,,,,way
Τριπόλεως,,,,way
Τρυγόνος,,,,way
Τσαγκαρόλα,,,,way
Τόρβα,,,,way
Φαρκαδόνος,,,,way
Φιλιππουπόλεως,,,,way
Φιλιππότου,,,,way
Φιλοχόρου,,,,way
Φωσκόλου,,,,way
Χαλκηδόνος,,,,way
Χατζηαποστόλου,,,,way
Χατζόπουλων,,,,way
Χριστιανουπόλεως,,,,way
Χρυσοστόμου,,,,way
Χρυσουπόλεως,,,,way
Χόφμαν,,,,way
"Λόυδ Τζωρτζ",,,,way
"Οικονόμου Αρ",,,,way
"Ασημακόπουλου Αρ.",,,,way
"Βαρβόγλη Μ.",,,,way
"Θεοτόκη Ν.",,,,way
"Μποσταντζόγλου Γ.",,,,way
"Ξενόπουλου Γρηγ.",,,,way
"Παπαδόπουλου Χρ.",,,,way
"Πεζόπουλου Θ.",,,,way
"Ρουσόπουλου Αλ.",,,,way
"Θεόκλητου Β΄",,,,way
"Αποστόλου Ιωάννου",,,,way
"Θεόδωρου Δηληγιάννη",,,,way
"Κόμνα Τράκα",,,,way
"Κόνιαρη Ιωάννου",,,,way
"Ποδηλατόδρομος Γκάζι-Φάληρο",,,,way
"Αυτοκρατόρων Αγγέλων",,,,way
"Θεόδωρου Γεωμέτρου",,,,way
"Θεόδωρου Νέγρη",,,,way
"Καλιρρόης Παρρέν",,,,way
"Παλαιολόγου Μπενιζέλου",,,,way
"Πηνελόπης Δέλτα",,,,way
"Λεωφόρος Βασιλέως Κωνσταντίνου",,,,relation
"Εθνικός Κήπος",,,,relation
"Ζωοδόχου Πηγής",,,,way
"Κόρακα Μιχαήλ",,,,way
"Αεροπόρου Παπαναστασίου",,,,way
"Γρηγόρη Αυξεντίου",,,,way
"Δρόση Λεωνίδα",,,,way
"Ευαγόρα Παλληκαρίδη",,,,way
"Οδός Παναθηναίων",,,,way
"Περιφερειακός Γαλατσίου",,,,way
"Συνοικισμός Γηροκομείου",,,,way
"Νότη Μπότσαρη",,,,way
"Αποστόλου Παύλου",,,,way
"Νικηφόρου Λύτρα",,,,way
"Νικηφόρου Ουρανού",,,,way
"Χρυσοστόμου Σμύρνης",,,,way
Αβύδου,,,,way
Αγαλιανού,,,,way
Αγγελοπούλου,,,,way
Αγκύλης,,,,way
Αγκύρας,,,,way
Αγλαύρου,,,,way
Αγχισού,,,,way
Αδραστού,,,,way
Αδριανού,,,,way
Αιακού,,,,way
Αιγύπτου,,,,way
Αιλιανού,,,,way
Αισχύλου,,,,way
Αλικαρνασσού,,,,way
Αλμυρού,,,,way
Αλφειού,,,,relation
Αμισού,,,,way
Αμμούδα,,,,way
Αμοργού,,,,way
Αμφικτύονος,,,,way
Αμφιτρύωνος,,,,way
Αμύκης,,,,way
Αμύντα,,,,way
Αναγνωστοπούλου,,,,way
Αναπαύσεως,,,,way
Αξιού,,,,way
Απελλού,,,,way
Αποκαύκων,,,,way
Αππιανού,,,,way
Αραβαντινού,,,,way
Αρακύνθου,,,,way
Αρδηττού,,,,way
Αρετούσας,,,,way
Αριστοβούλου,,,,way
Αρριανού,,,,relation
Αρύββου,,,,way
Ασκληπιού,,,,way
Αυγερινού,,,,way
Αφεντούλη,,,,way
Αχαιού,,,,way
Αψού,,,,way
Βαρνούντος,,,,way
Βελβενδού,,,,way
Βιζυηνού,,,,way
Βλαβιανού,,,,way
Βλασσοπούλου,,,,way
Βλαστού,,,,way
Βλαχοπούλου,,,,way
Βλυχού,,,,way
Βουθρωτού,,,,way
Βουρδούμπα,,,,way
Βούλγαρη,,,,way
Βούρβαχη,,,,way
Βριλησσού,,,,way
Βρούτου,,,,way
Βρύαντος,,,,way
Βρύγου,,,,way
Βωμού,,,,way
Βύρωνος,,,,way
Βύσσης,,,,way
Γαλανού,,,,way
Γαληνού,,,,way
Γαστούνης,,,,way
Γεραιστού,,,,way
Γερμανικού,,,,way
Γιαλούρου,,,,way
Γκούρα,,,,way
Γλαύκιου,,,,way
Γλαύκου,,,,way
Γλαύκωνος,,,,way
Γλύκωνος,,,,way
Γούβελη,,,,way
Γούδα,,,,way
Γρανικού,,,,way
Γρύλλου,,,,way
Δελούδη,,,,way
Δεριγνύ,,,,way
Δεστούνη,,,,way
Δημακοπούλου,,,,way
Δημητρακοπούλου,,,,way
Διαμαντοπούλου,,,,way
Διδούς,,,,way
Διδύμου,,,,way
Δικωνύμου,,,,way
Διονύσου,,,,way
Διοσκούρων,,,,way
Διπύλου,,,,way
Δοκού,,,,way
Δομοκού,,,,way
Δρακούλη,,,,way
Δύμης,,,,way
Επιδαύρου,,,,way
Επικούρου,,,,way
Ερατούς,,,,way
Ερεσσού,,,,way
Εριφύλης,,,,way
Ερμού,,,,way
Ευβούλου,,,,way
Ευκαλύπτων,,,,way
Ευμορφοπούλου,,,,way
Ευντού,,,,way
Ευφροσύνης,,,,way
Εφύρας,,,,way
Εύηνου,,,,way
Ζακύνθου,,,,way
Ζαλεύκου,,,,way
Ζεύξιδος,,,,way
Ζηνοπούλου,,,,way
Ζησιμοπούλου,,,,way
Ηούς,,,,way
Ηριδανού,,,,way
Ηρούς,,,,way
Θαλού,,,,way
Θαρύπου,,,,way
Θαύμαντος,,,,way
Θεανούς,,,,way
Θεμισκύρας,,,,way
Θεοφιλοπούλου,,,,way
Θερειανού,,,,way
Θεσσαλού,,,,way
Θρασυβούλου,,,,way
Θρασύλλου,,,,way
Θρασύμαχου,,,,way
Θύσσου,,,,way
Ιαπετού,,,,way
Ιβύκου,,,,way
Ιεροσολύμων,,,,way
Ινούς,,,,way
Ιουλιανού,,,,way
Ιουστινιανού,,,,way
Ιππολύτου,,,,way
Ισαύρων,,,,way
Καλοσγούρου,,,,way
Καλύμνου,,,,way
Καματερού,,,,way
Καμπούρογλου,,,,way
Καμπύση,,,,way
Καντακουζηνού,,,,way
Καντούνη,,,,way
Καρασούτσα,,,,way
Καρυοφύλλη,,,,way
Καρύδη,,,,way
Καρύστου,,,,relation+way
Καρύτση,,,,way
Κασομούλη,,,,way
Κεδρηνού,,,,relation
Κελαινούς,,,,way
Κελεού,,,,way
Κεραμεικού,,,,way
Κερασούντος,,,,way
Κερκύρας,,,,way
Κηφισού,,,,way
Κλεισούρας,,,,way
Κλεοβούλου,,,,way
Κλεψύδρας,,,,way
Κνωσού,,,,way
Κοκκινοπούλου,,,,way
Κολοκυνθούς,,,,way
Κολωνού,,,,way
Κονοπισοπούλου,,,,relation
Κοντού,,,,way
Κουμανούδη,,,,way
Κουμαριανού,,,,way
Κουμουνδούρου,,,,way
Κουρμούλη,,,,way
Κούνδουρου,,,,way
Κούρμα,,,,way
Κραναού,,,,way
Κρατύλου,,,,way
Κρεούσης,,,,way
Κυπριανού,,,,way
Κύθνου,,,,way
Κύμης,,,,way
Κύπρου,,,,way
Λαχούρη,,,,way
Λελούδα,,,,way
Λεμεσού,,,,way
Λεύκτρων,,,,way
Λητούς,,,,way
Λουκιανού,,,,way
Λούρου,,,,way
Λυκαβηττού,,,,way
Λυκούργου,,,,way
Λυμπεροπούλου,,,,way
Λύκωνος,,,,way
Μαλαμού,,,,way
Μαμούρη,,,,way
Μαντούβαλου,,,,way
Ματσούκα,,,,way
Μελανδρύου,,,,way
Μελισσού,,,,way
Μηθύμνης,,,,way
Μιαούλη,,,,way
Μιχαλακοπούλου,,,,way
Μοσχοπούλου,,,,way
Μουρούζη,,,,way
Μουστοξύδη,,,,way
Μούδρου,,,,way
Μπούσγου,,,,way
Μύλων,,,,way
Μύρων,,,,way
Μύσωνος,,,,way
Ναούσης,,,,way
Ναυτικού,,,,way
Νερούτσου,,,,way
Νικολούδη,,,,way
Νισύρου,,,,way
Νορμανού,,,,way
Ξούθου,,,,way
Ξύνδα,,,,way
Οδησσού,,,,way
Οιτύλου,,,,relation+way
Ολοφύτου,,,,way
Ολύνθου,,,,way
Ολύτσικα,,,,way
Οξυρρύγχου,,,,way
Οφιούντος,,,,way
Παναθηναικού,,,,way
Παντοπούλου,,,,way
Παπαδιαμαντοπούλου,,,,relation
Παπαθύμιου,,,,way
Παπαρρηγοπούλου,,,,way
Παπούλια,,,,way
Παρασκευοπούλου,,,,way
Παρνασσού,,,,way
Πατούσα,,,,way
Περραιβού,,,,way
Πηνειού,,,,way
Πιττακού,,,,way
Πλαπούτα,,,,way
Πλούταρχου,,,,way
Πλούτωνος,,,,way
Πολυγύρου,,,,way
Πολυδούρη,,,,way
Προυσού,,,,way
Προύσσης,,,,way
Πυρσού,,,,way
Πύδνας,,,,way
Πύθωνος,,,,way
Πύλου,,,,way
Πύρλα,,,,way
Πύρρας,,,,way
Πύρρου,,,,way
Πύρρωνος,,,,way
Ραιδεστού,,,,way
Ρεγκούκου,,,,way
Ρεθύμνου,,,,way
Ρεμούνδου,,,,way
Ρούμελης,,,,way
Ρούμπου,,,,way
Σαμψούντος,,,,way
Σαπφούς,,,,way
Σαχτούρη,,,,way
Σεβαστοπούλου,,,,way
Σειληνού,,,,way
Σεκούνδου,,,,way
Σελινούντος,,,,way
Σερηνού,,,,way
Σιμοπούλου,,,,way
Σκούφου,,,,way
Σκύρου,,,,way
Σμύρνης,,,,way
Σολωμού,,,,way
Σοφιανού,,,,way
Σπερχειού,,,,way
Σπετσοπούλας,,,,way
Στασινού,,,,way
Σταυροπούλου,,,,way
Στούαρτ,,,,way
Στρατηγοπούλου,,,,way
Στρατούλα,,,,way
Συνοδινού,,,,way
Συριανού,,,,way
Σύμης,,,,way
Σύρου,,,,way
Ταγκοπούλου,,,,way
Ταρσού,,,,way
Ταταούλων,,,,way
Τεύκρου,,,,way
Τζιβανοπούλου,,,,way
Τιφύος,,,,way
Τούσα,,,,way
Τραπεζούντος,,,,way
Τριανταφύλλου,,,,way
Τριβωνιανού,,,,way
Τσαμαδού,,,,way
Τσουδερού,,,,way
Τσούντα,,,,way
Τυμφρηστού,,,,way
Τύρας,,,,way
Τύχης,,,,way
Υακύνθου,,,,way
Υμηττού,,,,way
Φαιστού,,,,way
Φερεκύδου,,,,way
Φιλινού,,,,way
Φραγκοπούλου,,,,way
Φρούδα,,,,way
Φρύνης,,,,way
Φρύνωνος,,,,way
Φωκιανού,,,,way
Χαλκοκονδύλη,,,,way
Χαρβούρη,,,,way
Χατζοπούλου,,,,way
Χελμού,,,,way
Χλωρού,,,,way
Χορμοπούλου,,,,way
Χριστοπούλου,,,,way
Χωματιανού,,,,way
Ψαρρού,,,,way
Ψύλλα,,,,way
Ωγύγου,,,,way
"Πεύκων (Βοτανικός)",,,,way
"Ανδρούτσου Γ.",,,,way
"Βραχνού Α.",,,,way
"Δημητρακοπούλου Ν.",,,,way
"Γύζη Nικολάου",,,,relation
"Αντιτορπιλικού Αδριάς",,,,way
"Γύζη Νικολάου",,,,way
"Νεοφύτου Βάμβα",,,,way
"Νεοφύτου Μεταξά",,,,way
"Ούλωφ Πάλμε",,,,way
"Πυρπολητού Θεοχάρη",,,,way
"Σούτσου Σκαρλάτου",,,,way
"Σπύρου Πάτση",,,,way
"Στρατηγού Ιωάννου",,,,way
"Στρατηγού Καλλάρη",,,,way
"Στρατηγού Μακρυγιάννη",,,,way
"Αντιτορπιλικού Βέλους",,,,way
"Σγουρού Λέοντος",,,,way
"Σικελιανού Αγγέλου",,,,way
"Στρατιωτικού Συνδέσμου",,,,way
"Γιαννοπούλου Περικλή",,,,way
"Νομικού Μιχαήλ",,,,way
"Σταύρου Περικλή",,,,way
"Στρατηγού Δαγκλή",,,,way
"Ζερβού Ηλία",,,,way
"Κλαύδιου Πτολεμαίου",,,,way
"Σταύρου Γεωργίου",,,,way
"Στρατηγού Ροδίου",,,,way
"Φιλομούσου Εταιρείας",,,,way
"Ιερού Λόχου",,,,way
"Τούσα Μπότσαρη",,,,way
"Γιαννούλη Αιτωλού",,,,way
"Ερυθρού Σταυρού",,,,way
"Νεοφύτου Δούκα",,,,way
"Ρωμανού Μελωδού",,,,way
"Σπύρου Λούη",,,,way
"Σπύρου Μερκούρη",,,,relation
"Σπύρου Τρικούπη",,,,way
"Στρατηγού Κοντούλη",,,,way
"Στρατηγού Σπύρου Μήλιου",,,,way
"Χρύσανθου Σερρών",,,,way
Παπαδοπούλου-Βρεττού,,,,way
Αβαρικιώτη,,,,way
Αγλαοφώντος,,,,way
Αδώνιδος,,,,way
Αετών,,,,way
Αθηνοδώρου,,,,way
Αθηνών,,,,way
Αιγοσθενών,,,,way
Αισώπου,,,,way
Αμυκλών,,,,way
Αντιφώντος,,,,way
Απολλοδώρου,,,,way
Αρακλώβου,,,,way
Αραχώβης,,,,way
Αργινουσών,,,,way
Αργοναυτών,,,,way
Αριστοφώντος,,,,way
Αρλιώτη,,,,way
Ατρειδών,,,,way
Αυλητών,,,,way
Αυλώνος,,,,way
Αχαιών,,,,way
Αχαρνών,,,,way
Αώου,,,,way
Βαλσαμώνος,,,,way
Βαλτινών,,,,way
Βαρβιτσιώτη,,,,way
Βαρδουνιώτη,,,,way
Βαρνακιώτη,,,,relation
Βασιλικών,,,,way
Βλαχερνών,,,,way
Βώκου,,,,way
Βώνου,,,,way
Γεραντώνη,,,,way
Γερανών,,,,way
Γιαννιτσών,,,,way
Γκιώνη,,,,way
Γκομπινώ,,,,way
Γρεβενών,,,,way
Γριβογιώργου,,,,way
Δαιδαλιδών,,,,way
Δεληγιώργη,,,,way
Δελφών,,,,way
Δημοφώντος,,,,way
Δημώνακτος,,,,way
Διώνης,,,,way
Δυοβουνιώτη,,,,way
Δωδώνης,,,,way
Δώριζα,,,,way
Δώρου,,,,way
Ελαιώνος,,,,way
Ελικώνος,,,,way
Επαμεινώνδα,,,,way
Ερατώνος,,,,way
Ερυθρών,,,,way
Ευζώνων,,,,way
Ευμολπιδών,,,,way
Ευνειδών,,,,way
Ευρώτα,,,,way
Εφταλιώτη,,,,way
Εχελιδών,,,,way
Ζαλοκώστα,,,,way
Ζηνοδώρου,,,,way
Ζολιώτη,,,,way
Ζολώτα,,,,way
Ζώτου,,,,way
Ηλιοδώρου,,,,way
Ηρακλειδών,,,,way
Ηρώνδα,,,,way
Θεραπειών,,,,way
Θερμοπυλών,,,,way
Θηβών,,,,way
Θριών,,,,way
Ιεροφαντών,,,,way
Ιθώμης,,,,way
Ιοφώντος,,,,relation
Ιππώνακτος,,,,way
Ιωνιδών,,,,way
Ιώνων,,,,way
Καλαμιώτου,,,,way
Καλαμών,,,,way
Καλκών,,,,way
Καλογριώνη,,,,way
Καλτεζών,,,,way
Καλυδώνος,,,,way
Καμαριώτου,,,,way
Καπλανών,,,,way
Καραπαναγιώτου,,,,way
Καρυών,,,,way
Κατσαντώνη,,,,way
Κιθαιρώνος,,,,way
Κιμώλου,,,,way
Κλαζομενών,,,,way
Κλεμανσώ,,,,way
Κλεωνών,,,,way
Κλεώνης,,,,way
Κοδριγκτώνος,,,,way
Κολοκοτρώνη,,,,way
Κολοφώνος,,,,way
Κομνηνών,,,,way
Κορώνειας,,,,way
Κορώνης,,,,way
Κουντουριώτου,,,,way
Κρητών,,,,way
Κριεζώτου,,,,way
Κροκεών,,,,way
Κρώμνης,,,,way
Κτησιφώντος,,,,way
Κυδωνιών,,,,way
Κυκλώπων,,,,way
Κώ,,,,way
Λεπενιώτου,,,,way
Λυκομιδών,,,,way
Μαδαρών,,,,way
Μαιζώνος,,,,way
Μαιώτιδος,,,,way
Μαραθώνος,,,,way
Μαρκοπουλιώτη,,,,way
Μαρτζώκη,,,,way
Μαυροβουνιώτου,,,,way
Μεθώνης,,,,way
Μελιδώνη,,,,way
Μετεώρων,,,,way
Μηλεών,,,,way
Μηλιώνη,,,,way
Μηριώνου,,,,way
Μητροδώρου,,,,way
Μητρώου,,,,way
Μισαραλιώτου,,,,way
Μιστριώτου,,,,way
Μουσών,,,,way
Μυκηνών,,,,way
Ξενοφώντος,,,,way
Οινουσών,,,,way
Ορλώφ,,,,way
Παγασών,,,,way
Παλουμπιώτη,,,,way
Παναγιώτου,,,,way
Πανδώρου,,,,way
Παξών,,,,way
Παπαζώλη,,,,way
Παπατσώνη,,,,way
Παπατσώρη,,,,way
Παρθενώνος,,,,way
Παρθενώπης,,,,way
Πασσώβ,,,,way
Πατρών,,,,way
Πατρώου,,,,way
Πειραιώς,,,,way
Πελασγών,,,,way
Πενταγιών,,,,way
Πεστών,,,,way
Πλαταιών,,,,way
Πολυγνώτου,,,,way
Πολυδώρου,,,,way
Ποριώτη,,,,way
Πτώου,,,,way
Πυθοδώρου,,,,way
Πωγώγιαννης,,,,way
Ρώμα,,,,way
Σαβαγηνών,,,,way
Σαλώνων,,,,way
Σαρπηδώνος,,,,way
Σβορώνου,,,,way
Σεβρών,,,,way
Σερρών,,,,way
Σικυώνος,,,,way
Σινώπης,,,,way
Σιώκου,,,,way
Σκαλκώτα,,,,way
Σκουρτανιώτη,,,,way
Σολιώτη,,,,way
Σουλιωτών,,,,way
Σπετσών,,,,way
Στρυμώνος,,,,way
Συμμαχιδών,,,,way
Συμφιλιώσεως,,,,way
Συρακουσών,,,,way
Σώσου,,,,way
Ταξιαρχών,,,,way
Τελαμώνος,,,,way
Τεμπών,,,,way
Τεώ,,,,way
Τιθώνου,,,,way
Τιμώλου,,,,way
Τραυλαντώνη,,,,way
Τρώων,,,,way
Τυανών,,,,way
Υλλεών,,,,way
Φαναριωτών,,,,way
Φαώνος,,,,way
Φερών,,,,way
Φηρών,,,,way
Φθιώτιδος,,,,relation
Φιλώτα,,,,way
Χαιρεφώντος,,,,way
Χαιρώνειας,,,,way
Χαλκώδοντος,,,,way
Χαρτεργατών,,,,way
Χαρώνδου,,,,way
Χατζηκώστα,,,,way
Χειμαριώτου,,,,way
Χερσώνος,,,,way
Χιώτη,,,,way
Ψαρών,,,,way
"Αρματωλών και Κλεφτών",,,,way
"Δώρας Δ' Ίστρια",,,,way
"Αναγνώστη Αρ.",,,,way
"Αναγνώστου Α.",,,,way
"Δραγώνα Κ.",,,,way
"Καρπενησιώτη Αρ.",,,,way
"Λώρη Κ.",,,,way
"Συμεώνογλου Σ.",,,,way
"Φλώρου Ν.",,,,way
"Κολοκοτρώνη 3",,,,way
"Παναγιώτη Μπενάκη",,,,way
"Αδελφών Εμμανουήλ",,,,way
"Αντώνη Χριστοφορίδη",,,,way
"Καραγιώργη Σερβίας",,,,way
"Καστριώτου Γεωργίου",,,,way
"Σαρακιώτη Γεωργίου",,,,relation
"Αντώνη Οικονόμου",,,,way
"Παναγιώτη Κανελλόπουλου",,,,way
"Στενών Πόρτας",,,,way
"Ηρώδου Αττικού",,,,way
"Τριών Ιεραρχών",,,,way
"Παλαιών Πατρών Γερμανού",,,,way
